polled_at_utc,state,site_id,lat,lng,temp_f,short_forecast,precip_pct,wind_mph,snow,ice,is_rain,is_heavy_rain,state_severe_alert,m_weather_delta
2026-07-08T00:07:40Z,IL,IL00064IW002500011,38.5491,-89.7633,85,Slight Chance Showers And Thunderstorms,19,5,False,False,True,True,True,0.2
2026-07-08T00:07:40Z,IL,IL00055IN006400027,39.3465,-89.6408,83,Partly Cloudy,13,3,False,False,False,False,True,0.2
2026-07-08T00:07:40Z,IL,IL00057IN033300049,41.3892,-87.7729,80,Mostly Clear,0,5,False,False,False,False,True,0.2
2026-07-08T00:07:40Z,IL,IL00080IE005100040,41.3938,-89.5665,83,Clear,0,0,False,False,False,False,True,0.2
2026-07-08T00:07:40Z,IL,IL00074IW015600009,40.2711,-88.6701,85,Partly Cloudy,0,5,False,False,False,False,True,0.2
2026-07-08T00:07:40Z,IL,IL00072IE015200041,39.9923,-88.7827,84,Partly Cloudy,0,6,False,False,False,False,True,0.2
2026-07-08T00:07:40Z,IL,IL00057IS022200054,39.9314,-88.3043,84,Mostly Clear,0,5,False,False,False,False,True,0.2
2026-07-08T00:07:40Z,IL,IL00070IE008600051,39.0651,-88.6745,85,Partly Cloudy,14,5,False,False,False,False,True,0.2
2026-07-08T00:07:40Z,IL,IL00024IW003700010,37.1593,-88.6798,83,Chance Showers And Thunderstorms,47,1,False,False,True,True,True,0.2
2026-07-08T00:07:40Z,IL,IL00080IE011700043,41.4314,-88.3454,84,Clear,0,5,False,False,False,False,True,0.2
2026-07-08T00:07:40Z,IL,IL00080IW005100013,41.3937,-89.5591,83,Clear,0,0,False,False,False,False,True,0.2
2026-07-08T00:07:40Z,IL,IL00064IW013000053,38.2322,-87.9882,82,Slight Chance Showers And Thunderstorms,16,2,False,False,True,True,True,0.2
2026-07-08T00:07:40Z,IL,IL00074IE015600037,40.2732,-88.6762,85,Partly Cloudy,0,5,False,False,False,False,True,0.2
2026-07-08T00:07:40Z,IL,IL00057IS011400023,38.5965,-88.9677,84,Slight Chance Showers And Thunderstorms,21,2,False,False,True,True,True,0.2
2026-07-08T00:07:40Z,IL,IL00055IN014900028,40.3599,-89.1099,84,Partly Cloudy,0,3,False,False,False,False,True,0.2
2026-07-08T00:07:40Z,IL,IL00055IN002700029,38.8649,-89.8532,84,Slight Chance Showers And Thunderstorms,15,5,False,False,True,True,True,0.2
2026-07-08T00:07:40Z,IL,IL00074IW002800020,41.2141,-90.3308,83,Mostly Clear,0,5,False,False,False,False,True,0.2
2026-07-08T00:07:40Z,IL,IL00057IN022200048,39.9218,-88.299,84,Mostly Clear,0,5,False,False,False,False,True,0.2
2026-07-08T00:07:40Z,IL,IL00064IE008500039,38.273,-88.8496,83,Chance Showers And Thunderstorms,32,3,False,False,True,True,True,0.2
2026-07-08T00:07:40Z,IL,IL00074IW020800052,40.1298,-87.7441,83,Partly Cloudy,0,3,False,False,False,False,True,0.2
2026-07-08T00:07:40Z,IL,IL00070IW002700015,38.7884,-89.6889,84,Slight Chance Showers And Thunderstorms,16,3,False,False,True,True,True,0.2
2026-07-08T00:07:40Z,IL,IL00055IS002700019,38.8723,-89.8511,84,Slight Chance Showers And Thunderstorms,15,5,False,False,True,True,True,0.2
2026-07-08T00:07:40Z,IL,IL00057IN007900034,38.0297,-88.9203,85,Chance Showers And Thunderstorms,30,3,False,False,True,True,True,0.2
2026-07-08T00:07:40Z,IL,IL00057IS033300046,41.3918,-87.7749,80,Mostly Clear,0,5,False,False,False,False,True,0.2
2026-07-08T00:07:40Z,IL,IL00064IE002500038,38.5481,-89.7731,85,Slight Chance Showers And Thunderstorms,18,5,False,False,True,True,True,0.2
2026-07-08T00:07:40Z,IL,IL00057IN011400033,38.5963,-88.9638,84,Slight Chance Showers And Thunderstorms,21,2,False,False,True,True,True,0.2
2026-07-08T00:07:40Z,IL,IL00055IN010400050,39.8627,-89.5948,84,Mostly Clear,1,5,False,False,False,False,True,0.2
2026-07-08T00:07:40Z,IL,IL00039IN008500036,41.7236,-89.0062,84,Mostly Clear,0,0,False,False,False,False,True,0.2
2026-07-08T00:07:40Z,IL,IL00057IS007900047,38.0962,-88.9138,83,Slight Chance Showers And Thunderstorms,19,3,False,False,True,True,True,0.2
2026-07-08T00:07:40Z,IL,IL00074IE002800030,41.2334,-90.333,83,Mostly Clear,0,5,False,False,False,False,True,0.2
2026-07-08T00:07:40Z,IL,IL00064IW008500012,38.2766,-88.8012,84,Chance Showers And Thunderstorms,30,3,False,False,True,True,True,0.2
2026-07-08T00:07:40Z,IL,IL00072IW015200014,39.9888,-88.7852,84,Partly Cloudy,0,6,False,False,False,False,True,0.2
2026-07-08T00:07:40Z,IL,IL00055IS006400017,39.3523,-89.6447,83,Partly Cloudy,13,3,False,False,False,False,True,0.2
2026-07-08T00:07:40Z,IL,IL00055IN019400031,40.8234,-88.6875,85,Partly Cloudy,0,5,False,False,False,False,True,0.2
2026-07-08T00:07:40Z,IL,IL00074IW006200004,40.8802,-90.0895,86,Mostly Clear,0,3,False,False,False,False,True,0.2
2026-07-08T00:07:40Z,IL,IL00055IS019400021,40.8371,-88.6833,85,Mostly Clear,0,5,False,False,False,False,True,0.2
2026-07-08T00:07:40Z,IL,IL00080IW011700016,41.4473,-88.3285,85,Clear,0,5,False,False,False,False,True,0.2
2026-07-08T00:07:40Z,IL,IL00039IS008500026,41.7285,-89.0105,84,Mostly Clear,0,0,False,False,False,False,True,0.2
2026-07-08T00:07:40Z,IL,IL00057IS026800022,40.5613,-88.0615,84,Mostly Clear,0,5,False,False,False,False,True,0.2
2026-07-08T00:07:40Z,IL,IL00070IE002700042,38.7849,-89.7023,83,Slight Chance Showers And Thunderstorms,15,5,False,False,True,True,True,0.2
2026-07-08T00:07:40Z,IL,IL00057IN026800032,40.5505,-88.0605,84,Mostly Clear,0,5,False,False,False,False,True,0.2
2026-07-08T00:07:40Z,IL,IL00070IW008700045,39.0679,-88.6704,85,Partly Cloudy,14,5,False,False,False,False,True,0.2
2026-07-08T00:07:40Z,IL,IL00057IS016500018,39.1993,-88.502,83,Partly Cloudy,11,6,False,False,False,False,True,0.2
2026-07-08T00:07:40Z,IL,IL00074IW011400006,40.6111,-89.2323,86,Mostly Clear,0,3,False,False,False,False,True,0.2
2026-07-08T00:07:40Z,IL,IL00074IE011400005,40.6125,-89.245,86,Mostly Clear,0,3,False,False,False,False,True,0.2
2026-07-08T00:07:40Z,IL,IL00074IE006200001,40.8788,-90.0936,86,Mostly Clear,0,3,False,False,False,False,True,0.2
2026-07-08T00:07:40Z,IL,IL00070IW014900008,39.4228,-87.6617,84,Partly Cloudy,1,5,False,False,False,False,True,0.2
2026-07-08T00:07:40Z,IL,IL00057IN016500044,39.1898,-88.5031,84,Partly Cloudy,11,6,False,False,False,False,True,0.2
2026-07-08T00:07:40Z,IL,IL00055IS010400024,39.8871,-89.5966,85,Partly Cloudy,1,5,False,False,False,False,True,0.2
2026-07-08T00:07:40Z,IL,IL00057IS003200025,37.4699,-89.1329,82,Chance Showers And Thunderstorms,42,2,False,False,True,True,True,0.2
2026-07-08T00:07:40Z,IL,IL00057IN003200035,37.4661,-89.1324,82,Chance Showers And Thunderstorms,42,2,False,False,True,True,True,0.2
2026-07-08T00:07:40Z,IN,322,38.195,-87.8597,83,Chance Showers And Thunderstorms,25,3,False,False,True,True,True,0.2
2026-07-08T00:07:40Z,IN,317,38.5852,-85.7768,85,Mostly Cloudy,8,3,False,False,False,False,True,0.2
2026-07-08T00:07:40Z,IN,316,38.5859,-85.7809,85,Mostly Cloudy,8,3,False,False,False,False,True,0.2
2026-07-08T00:07:40Z,IN,315,39.2602,-85.9521,83,Partly Cloudy,1,6,False,False,False,False,True,0.2
2026-07-08T00:07:40Z,IN,314,39.2767,-85.9569,83,Partly Cloudy,1,6,False,False,False,False,True,0.2
2026-07-08T00:07:40Z,IN,313,40.1578,-86.5387,81,Mostly Clear,0,6,False,False,False,False,True,0.2
2026-07-08T00:07:40Z,IN,312,40.1722,-86.5522,81,Mostly Clear,0,6,False,False,False,False,True,0.2
2026-07-08T00:07:40Z,IN,311,40.6992,-87.0628,81,Mostly Clear,0,5,False,False,False,False,True,0.2
2026-07-08T00:07:40Z,IN,310,40.6984,-87.0646,81,Mostly Clear,0,5,False,False,False,False,True,0.2
2026-07-08T00:07:40Z,IN,308,41.1653,-87.271,82,Mostly Clear,0,5,False,False,False,False,True,0.2
2026-07-08T00:07:40Z,IN,309,41.1666,-87.2749,82,Mostly Clear,0,5,False,False,False,False,True,0.2
2026-07-08T00:07:40Z,IN,318,40.3543,-85.5576,82,Mostly Clear,0,5,False,False,False,False,True,0.2
2026-07-08T00:07:40Z,IN,319,40.3569,-85.56,82,Mostly Clear,0,5,False,False,False,False,True,0.2
2026-07-08T00:07:40Z,IN,320,41.2963,-85.0863,81,Mostly Clear,0,5,False,False,False,False,True,0.2
2026-07-08T00:07:40Z,IN,321,41.5803,-85.0597,80,Mostly Clear,0,5,False,False,False,False,True,0.2
2026-07-08T00:07:40Z,IN,300,39.4417,-87.5002,83,Mostly Clear,2,6,False,False,False,False,True,0.2
2026-07-08T00:07:40Z,IN,302,39.6517,-86.3967,82,Partly Cloudy,0,7,False,False,False,False,True,0.2
2026-07-08T00:07:40Z,IN,301,39.6541,-86.4005,82,Partly Cloudy,0,7,False,False,False,False,True,0.2
2026-07-08T00:07:40Z,IN,303,39.8243,-85.7039,81,Partly Cloudy,0,6,False,False,False,False,True,0.2
2026-07-08T00:07:40Z,IN,304,39.8266,-85.704,81,Partly Cloudy,0,6,False,False,False,False,True,0.2
2026-07-08T00:07:40Z,IN,305,39.8605,-85.0259,81,Mostly Cloudy,0,6,False,False,False,False,True,0.2
2026-07-08T00:07:40Z,KY,KY00065IS0000020N65WELCOM,36.6434,-86.5687,81,Showers And Thunderstorms Likely,57,5,False,False,True,True,False,0.1
2026-07-08T00:07:40Z,KY,KY00065IS000020NSMARATHON,36.6612,-86.5553,82,Showers And Thunderstorms Likely,57,3,False,False,True,True,False,0.1
2026-07-08T00:07:40Z,KY,KY00065IS0000340NWEIGHS34,36.6868,-86.5379,81,Showers And Thunderstorms Likely,58,3,False,False,True,True,False,0.1
2026-07-08T00:07:40Z,KY,KY00065IS0011400S65SRA114,37.9464,-85.6905,82,Chance Showers And Thunderstorms,49,3,False,False,True,True,False,0.1
2026-07-08T00:07:40Z,KY,KY00065IS0005900S65SRA059,37.239,-85.9297,81,Showers And Thunderstorms Likely,55,1,False,False,True,True,False,0.1
2026-07-08T00:07:40Z,KY,KY00065IS0005900N65NRA059,37.2384,-85.9271,81,Showers And Thunderstorms Likely,55,1,False,False,True,True,False,0.1
2026-07-08T00:07:40Z,KY,KY00075IS0003300NWEIGHS33,37.0422,-84.0968,73,Showers And Thunderstorms Likely,59,3,False,False,True,True,False,0.1
2026-07-08T00:07:40Z,KY,KY00075IS0003400SWEIGHS34,37.048,-84.0997,74,Showers And Thunderstorms Likely,59,3,False,False,True,True,False,0.1
2026-07-08T00:07:40Z,KY,KY00075IS0017700N75NRA177,38.937,-84.6309,82,Mostly Cloudy,10,6,False,False,False,False,False,0.0
2026-07-08T00:07:40Z,KY,KY00075IS0007500SWALTONWS,38.8653,-84.6476,83,Mostly Cloudy,9,6,False,False,False,False,False,0.0
2026-07-08T00:07:40Z,KY,KY00075IS0017700S75SRA177,38.9388,-84.6339,82,Mostly Cloudy,10,6,False,False,False,False,False,0.0
2026-07-08T00:07:40Z,KY,KY00075IS0016800SCRITENWS,38.8196,-84.6015,82,Mostly Cloudy,9,6,False,False,False,False,False,0.0
2026-07-08T00:07:40Z,KY,KY00075IS0000100N75WELCOM,36.6162,-84.1054,78,Chance Showers And Thunderstorms,43,1,False,False,True,True,False,0.1
2026-07-08T00:24:17Z,IL,IL00064IW002500011,38.5491,-89.7633,85,Slight Chance Showers And Thunderstorms,19,5,False,False,True,True,True,0.2
2026-07-08T00:24:17Z,IL,IL00055IN006400027,39.3465,-89.6408,83,Partly Cloudy,13,3,False,False,False,False,True,0.2
2026-07-08T00:24:17Z,IL,IL00057IN033300049,41.3892,-87.7729,80,Mostly Clear,0,5,False,False,False,False,True,0.2
2026-07-08T00:24:17Z,IL,IL00080IE005100040,41.3938,-89.5665,83,Clear,0,0,False,False,False,False,True,0.2
2026-07-08T00:24:17Z,IL,IL00074IW015600009,40.2711,-88.6701,85,Partly Cloudy,0,5,False,False,False,False,True,0.2
2026-07-08T00:24:17Z,IL,IL00072IE015200041,39.9923,-88.7827,84,Partly Cloudy,0,6,False,False,False,False,True,0.2
2026-07-08T00:24:17Z,IL,IL00057IS022200054,39.9314,-88.3043,84,Mostly Clear,0,5,False,False,False,False,True,0.2
2026-07-08T00:24:17Z,IL,IL00070IE008600051,39.0651,-88.6745,85,Partly Cloudy,14,5,False,False,False,False,True,0.2
2026-07-08T00:24:17Z,IL,IL00024IW003700010,37.1593,-88.6798,83,Chance Showers And Thunderstorms,47,1,False,False,True,True,True,0.2
2026-07-08T00:24:17Z,IL,IL00080IE011700043,41.4314,-88.3454,84,Clear,0,5,False,False,False,False,True,0.2
2026-07-08T00:24:17Z,IL,IL00080IW005100013,41.3937,-89.5591,83,Clear,0,0,False,False,False,False,True,0.2
2026-07-08T00:24:17Z,IL,IL00064IW013000053,38.2322,-87.9882,82,Slight Chance Showers And Thunderstorms,16,2,False,False,True,True,True,0.2
2026-07-08T00:24:17Z,IL,IL00074IE015600037,40.2732,-88.6762,85,Partly Cloudy,0,5,False,False,False,False,True,0.2
2026-07-08T00:24:17Z,IL,IL00057IS011400023,38.5965,-88.9677,84,Slight Chance Showers And Thunderstorms,21,2,False,False,True,True,True,0.2
2026-07-08T00:24:17Z,IL,IL00055IN014900028,40.3599,-89.1099,84,Partly Cloudy,0,3,False,False,False,False,True,0.2
2026-07-08T00:24:17Z,IL,IL00055IN002700029,38.8649,-89.8532,84,Slight Chance Showers And Thunderstorms,15,5,False,False,True,True,True,0.2
2026-07-08T00:24:17Z,IL,IL00074IW002800020,41.2141,-90.3308,83,Mostly Clear,0,5,False,False,False,False,True,0.2
2026-07-08T00:24:17Z,IL,IL00057IN022200048,39.9218,-88.299,84,Mostly Clear,0,5,False,False,False,False,True,0.2
2026-07-08T00:24:17Z,IL,IL00064IE008500039,38.273,-88.8496,83,Chance Showers And Thunderstorms,32,3,False,False,True,True,True,0.2
2026-07-08T00:24:17Z,IL,IL00074IW020800052,40.1298,-87.7441,83,Partly Cloudy,0,3,False,False,False,False,True,0.2
2026-07-08T00:24:17Z,IL,IL00070IW002700015,38.7884,-89.6889,84,Slight Chance Showers And Thunderstorms,16,3,False,False,True,True,True,0.2
2026-07-08T00:24:17Z,IL,IL00055IS002700019,38.8723,-89.8511,84,Slight Chance Showers And Thunderstorms,15,5,False,False,True,True,True,0.2
2026-07-08T00:24:17Z,IL,IL00057IN007900034,38.0297,-88.9203,85,Chance Showers And Thunderstorms,30,3,False,False,True,True,True,0.2
2026-07-08T00:24:17Z,IL,IL00057IS033300046,41.3918,-87.7749,80,Mostly Clear,0,5,False,False,False,False,True,0.2
2026-07-08T00:24:17Z,IL,IL00064IE002500038,38.5481,-89.7731,85,Slight Chance Showers And Thunderstorms,18,5,False,False,True,True,True,0.2
2026-07-08T00:24:17Z,IL,IL00057IN011400033,38.5963,-88.9638,84,Slight Chance Showers And Thunderstorms,21,2,False,False,True,True,True,0.2
2026-07-08T00:24:17Z,IL,IL00055IN010400050,39.8627,-89.5948,84,Mostly Clear,1,5,False,False,False,False,True,0.2
2026-07-08T00:24:17Z,IL,IL00039IN008500036,41.7236,-89.0062,84,Mostly Clear,0,0,False,False,False,False,True,0.2
2026-07-08T00:24:17Z,IL,IL00057IS007900047,38.0962,-88.9138,83,Slight Chance Showers And Thunderstorms,19,3,False,False,True,True,True,0.2
2026-07-08T00:24:17Z,IL,IL00074IE002800030,41.2334,-90.333,83,Mostly Clear,0,5,False,False,False,False,True,0.2
2026-07-08T00:24:17Z,IL,IL00064IW008500012,38.2766,-88.8012,84,Chance Showers And Thunderstorms,30,3,False,False,True,True,True,0.2
2026-07-08T00:24:17Z,IL,IL00072IW015200014,39.9888,-88.7852,84,Partly Cloudy,0,6,False,False,False,False,True,0.2
2026-07-08T00:24:17Z,IL,IL00055IS006400017,39.3523,-89.6447,83,Partly Cloudy,13,3,False,False,False,False,True,0.2
2026-07-08T00:24:17Z,IL,IL00055IN019400031,40.8234,-88.6875,85,Partly Cloudy,0,5,False,False,False,False,True,0.2
2026-07-08T00:24:17Z,IL,IL00074IW006200004,40.8802,-90.0895,86,Mostly Clear,0,3,False,False,False,False,True,0.2
2026-07-08T00:24:17Z,IL,IL00055IS019400021,40.8371,-88.6833,85,Mostly Clear,0,5,False,False,False,False,True,0.2
2026-07-08T00:24:17Z,IL,IL00080IW011700016,41.4473,-88.3285,85,Clear,0,5,False,False,False,False,True,0.2
2026-07-08T00:24:17Z,IL,IL00039IS008500026,41.7285,-89.0105,84,Mostly Clear,0,0,False,False,False,False,True,0.2
2026-07-08T00:24:17Z,IL,IL00057IS026800022,40.5613,-88.0615,84,Mostly Clear,0,5,False,False,False,False,True,0.2
2026-07-08T00:24:17Z,IL,IL00070IE002700042,38.7849,-89.7023,83,Slight Chance Showers And Thunderstorms,15,5,False,False,True,True,True,0.2
2026-07-08T00:24:17Z,IL,IL00057IN026800032,40.5505,-88.0605,84,Mostly Clear,0,5,False,False,False,False,True,0.2
2026-07-08T00:24:17Z,IL,IL00070IW008700045,39.0679,-88.6704,85,Partly Cloudy,14,5,False,False,False,False,True,0.2
2026-07-08T00:24:17Z,IL,IL00057IS016500018,39.1993,-88.502,83,Partly Cloudy,11,6,False,False,False,False,True,0.2
2026-07-08T00:24:17Z,IL,IL00074IW011400006,40.6111,-89.2323,86,Mostly Clear,0,3,False,False,False,False,True,0.2
2026-07-08T00:24:17Z,IL,IL00074IE011400005,40.6125,-89.245,86,Mostly Clear,0,3,False,False,False,False,True,0.2
2026-07-08T00:24:17Z,IL,IL00074IE006200001,40.8788,-90.0936,86,Mostly Clear,0,3,False,False,False,False,True,0.2
2026-07-08T00:24:17Z,IL,IL00070IW014900008,39.4228,-87.6617,85,Partly Cloudy,2,6,False,False,False,False,True,0.2
2026-07-08T00:24:17Z,IL,IL00057IN016500044,39.1898,-88.5031,84,Partly Cloudy,11,6,False,False,False,False,True,0.2
2026-07-08T00:24:17Z,IL,IL00055IS010400024,39.8871,-89.5966,85,Partly Cloudy,1,5,False,False,False,False,True,0.2
2026-07-08T00:24:17Z,IL,IL00057IS003200025,37.4699,-89.1329,82,Chance Showers And Thunderstorms,42,2,False,False,True,True,True,0.2
2026-07-08T00:24:17Z,IL,IL00057IN003200035,37.4661,-89.1324,82,Chance Showers And Thunderstorms,42,2,False,False,True,True,True,0.2
2026-07-08T00:24:17Z,IN,322,38.195,-87.8597,83,Chance Showers And Thunderstorms,25,3,False,False,True,True,True,0.2
2026-07-08T00:24:17Z,IN,317,38.5852,-85.7768,85,Mostly Cloudy,8,3,False,False,False,False,True,0.2
2026-07-08T00:24:17Z,IN,316,38.5859,-85.7809,85,Mostly Cloudy,8,3,False,False,False,False,True,0.2
2026-07-08T00:24:17Z,IN,315,39.2602,-85.9521,83,Partly Cloudy,1,6,False,False,False,False,True,0.2
2026-07-08T00:24:17Z,IN,314,39.2767,-85.9569,83,Partly Cloudy,1,6,False,False,False,False,True,0.2
2026-07-08T00:24:17Z,IN,313,40.1578,-86.5387,81,Mostly Clear,0,6,False,False,False,False,True,0.2
2026-07-08T00:24:17Z,IN,312,40.1722,-86.5522,81,Mostly Clear,0,6,False,False,False,False,True,0.2
2026-07-08T00:24:17Z,IN,311,40.6992,-87.0628,81,Mostly Clear,0,5,False,False,False,False,True,0.2
2026-07-08T00:24:17Z,IN,310,40.6984,-87.0646,81,Mostly Clear,0,5,False,False,False,False,True,0.2
2026-07-08T00:24:17Z,IN,308,41.1653,-87.271,82,Mostly Clear,0,5,False,False,False,False,True,0.2
2026-07-08T00:24:17Z,IN,309,41.1666,-87.2749,82,Mostly Clear,0,5,False,False,False,False,True,0.2
2026-07-08T00:24:17Z,IN,318,40.3543,-85.5576,82,Mostly Clear,0,5,False,False,False,False,True,0.2
2026-07-08T00:24:17Z,IN,319,40.3569,-85.56,82,Mostly Clear,0,5,False,False,False,False,True,0.2
2026-07-08T00:24:17Z,IN,320,41.2963,-85.0863,81,Mostly Clear,0,5,False,False,False,False,True,0.2
2026-07-08T00:24:17Z,IN,321,41.5803,-85.0597,80,Mostly Clear,0,5,False,False,False,False,True,0.2
2026-07-08T00:24:17Z,IN,300,39.4417,-87.5002,83,Mostly Clear,2,6,False,False,False,False,True,0.2
2026-07-08T00:24:17Z,IN,302,39.6517,-86.3967,82,Partly Cloudy,0,7,False,False,False,False,True,0.2
2026-07-08T00:24:17Z,IN,301,39.6541,-86.4005,82,Partly Cloudy,0,7,False,False,False,False,True,0.2
2026-07-08T00:24:17Z,IN,303,39.8243,-85.7039,81,Partly Cloudy,0,6,False,False,False,False,True,0.2
2026-07-08T00:24:17Z,IN,304,39.8266,-85.704,81,Partly Cloudy,0,6,False,False,False,False,True,0.2
2026-07-08T00:24:17Z,IN,305,39.8605,-85.0259,81,Mostly Cloudy,0,6,False,False,False,False,True,0.2
2026-07-08T00:24:17Z,KY,KY00065IS0000020N65WELCOM,36.6434,-86.5687,81,Showers And Thunderstorms Likely,57,5,False,False,True,True,False,0.1
2026-07-08T00:24:17Z,KY,KY00065IS000020NSMARATHON,36.6612,-86.5553,82,Showers And Thunderstorms Likely,57,3,False,False,True,True,False,0.1
2026-07-08T00:24:17Z,KY,KY00065IS0000340NWEIGHS34,36.6868,-86.5379,81,Showers And Thunderstorms Likely,58,3,False,False,True,True,False,0.1
2026-07-08T00:24:17Z,KY,KY00065IS0011400S65SRA114,37.9464,-85.6905,82,Chance Showers And Thunderstorms,49,3,False,False,True,True,False,0.1
2026-07-08T00:24:17Z,KY,KY00065IS0005900S65SRA059,37.239,-85.9297,81,Showers And Thunderstorms Likely,55,1,False,False,True,True,False,0.1
2026-07-08T00:24:17Z,KY,KY00065IS0005900N65NRA059,37.2384,-85.9271,81,Showers And Thunderstorms Likely,55,1,False,False,True,True,False,0.1
2026-07-08T00:24:17Z,KY,KY00075IS0003300NWEIGHS33,37.0422,-84.0968,73,Showers And Thunderstorms Likely,59,3,False,False,True,True,False,0.1
2026-07-08T00:24:17Z,KY,KY00075IS0003400SWEIGHS34,37.048,-84.0997,74,Showers And Thunderstorms Likely,59,3,False,False,True,True,False,0.1
2026-07-08T00:24:17Z,KY,KY00075IS0017700N75NRA177,38.937,-84.6309,82,Mostly Cloudy,10,6,False,False,False,False,False,0.0
2026-07-08T00:24:17Z,KY,KY00075IS0007500SWALTONWS,38.8653,-84.6476,83,Mostly Cloudy,9,6,False,False,False,False,False,0.0
2026-07-08T00:24:17Z,KY,KY00075IS0017700S75SRA177,38.9388,-84.6339,82,Mostly Cloudy,10,6,False,False,False,False,False,0.0
2026-07-08T00:24:17Z,KY,KY00075IS0016800SCRITENWS,38.8196,-84.6015,82,Mostly Cloudy,9,6,False,False,False,False,False,0.0
2026-07-08T00:24:17Z,KY,KY00075IS0000100N75WELCOM,36.6162,-84.1054,78,Chance Showers And Thunderstorms,30,0,False,False,True,True,False,0.1
2026-07-08T00:40:46Z,IL,IL00064IW002500011,38.5491,-89.7633,85,Slight Chance Showers And Thunderstorms,19,5,False,False,True,True,True,0.2
2026-07-08T00:40:46Z,IL,IL00055IN006400027,39.3465,-89.6408,83,Partly Cloudy,13,3,False,False,False,False,True,0.2
2026-07-08T00:40:46Z,IL,IL00057IN033300049,41.3892,-87.7729,80,Mostly Clear,0,5,False,False,False,False,True,0.2
2026-07-08T00:40:46Z,IL,IL00080IE005100040,41.3938,-89.5665,83,Clear,0,0,False,False,False,False,True,0.2
2026-07-08T00:40:46Z,IL,IL00074IW015600009,40.2711,-88.6701,85,Partly Cloudy,0,5,False,False,False,False,True,0.2
2026-07-08T00:40:46Z,IL,IL00072IE015200041,39.9923,-88.7827,84,Partly Cloudy,0,6,False,False,False,False,True,0.2
2026-07-08T00:40:46Z,IL,IL00057IS022200054,39.9314,-88.3043,84,Mostly Clear,0,5,False,False,False,False,True,0.2
2026-07-08T00:40:46Z,IL,IL00070IE008600051,39.0651,-88.6745,85,Partly Cloudy,14,5,False,False,False,False,True,0.2
2026-07-08T00:40:46Z,IL,IL00024IW003700010,37.1593,-88.6798,83,Chance Showers And Thunderstorms,47,1,False,False,True,True,True,0.2
2026-07-08T00:40:46Z,IL,IL00080IE011700043,41.4314,-88.3454,84,Clear,0,5,False,False,False,False,True,0.2
2026-07-08T00:40:46Z,IL,IL00080IW005100013,41.3937,-89.5591,83,Clear,0,0,False,False,False,False,True,0.2
2026-07-08T00:40:46Z,IL,IL00064IW013000053,38.2322,-87.9882,82,Slight Chance Showers And Thunderstorms,16,2,False,False,True,True,True,0.2
2026-07-08T00:40:46Z,IL,IL00074IE015600037,40.2732,-88.6762,85,Partly Cloudy,0,5,False,False,False,False,True,0.2
2026-07-08T00:40:46Z,IL,IL00057IS011400023,38.5965,-88.9677,84,Slight Chance Showers And Thunderstorms,21,2,False,False,True,True,True,0.2
2026-07-08T00:40:46Z,IL,IL00055IN014900028,40.3599,-89.1099,84,Partly Cloudy,0,3,False,False,False,False,True,0.2
2026-07-08T00:40:46Z,IL,IL00055IN002700029,38.8649,-89.8532,84,Slight Chance Showers And Thunderstorms,15,5,False,False,True,True,True,0.2
2026-07-08T00:40:46Z,IL,IL00074IW002800020,41.2141,-90.3308,83,Mostly Clear,0,5,False,False,False,False,True,0.2
2026-07-08T00:40:46Z,IL,IL00057IN022200048,39.9218,-88.299,84,Mostly Clear,0,5,False,False,False,False,True,0.2
2026-07-08T00:40:46Z,IL,IL00064IE008500039,38.273,-88.8496,83,Chance Showers And Thunderstorms,32,3,False,False,True,True,True,0.2
2026-07-08T00:40:46Z,IL,IL00074IW020800052,40.1298,-87.7441,83,Partly Cloudy,0,3,False,False,False,False,True,0.2
2026-07-08T00:40:46Z,IL,IL00070IW002700015,38.7884,-89.6889,84,Slight Chance Showers And Thunderstorms,16,3,False,False,True,True,True,0.2
2026-07-08T00:40:46Z,IL,IL00055IS002700019,38.8723,-89.8511,84,Slight Chance Showers And Thunderstorms,15,5,False,False,True,True,True,0.2
2026-07-08T00:40:46Z,IL,IL00057IN007900034,38.0297,-88.9203,85,Chance Showers And Thunderstorms,30,3,False,False,True,True,True,0.2
2026-07-08T00:40:46Z,IL,IL00057IS033300046,41.3918,-87.7749,80,Mostly Clear,0,5,False,False,False,False,True,0.2
2026-07-08T00:40:46Z,IL,IL00064IE002500038,38.5481,-89.7731,85,Slight Chance Showers And Thunderstorms,18,5,False,False,True,True,True,0.2
2026-07-08T00:40:46Z,IL,IL00057IN011400033,38.5963,-88.9638,84,Slight Chance Showers And Thunderstorms,21,2,False,False,True,True,True,0.2
2026-07-08T00:40:46Z,IL,IL00055IN010400050,39.8627,-89.5948,84,Mostly Clear,1,5,False,False,False,False,True,0.2
2026-07-08T00:40:46Z,IL,IL00039IN008500036,41.7236,-89.0062,84,Mostly Clear,0,0,False,False,False,False,True,0.2
2026-07-08T00:40:46Z,IL,IL00057IS007900047,38.0962,-88.9138,83,Slight Chance Showers And Thunderstorms,19,3,False,False,True,True,True,0.2
2026-07-08T00:40:46Z,IL,IL00074IE002800030,41.2334,-90.333,83,Mostly Clear,0,5,False,False,False,False,True,0.2
2026-07-08T00:40:46Z,IL,IL00064IW008500012,38.2766,-88.8012,84,Chance Showers And Thunderstorms,30,3,False,False,True,True,True,0.2
2026-07-08T00:40:46Z,IL,IL00072IW015200014,39.9888,-88.7852,84,Partly Cloudy,0,6,False,False,False,False,True,0.2
2026-07-08T00:40:46Z,IL,IL00055IS006400017,39.3523,-89.6447,83,Partly Cloudy,13,3,False,False,False,False,True,0.2
2026-07-08T00:40:46Z,IL,IL00055IN019400031,40.8234,-88.6875,85,Partly Cloudy,0,5,False,False,False,False,True,0.2
2026-07-08T00:40:46Z,IL,IL00074IW006200004,40.8802,-90.0895,86,Mostly Clear,0,3,False,False,False,False,True,0.2
2026-07-08T00:40:46Z,IL,IL00055IS019400021,40.8371,-88.6833,85,Mostly Clear,0,5,False,False,False,False,True,0.2
2026-07-08T00:40:46Z,IL,IL00080IW011700016,41.4473,-88.3285,85,Clear,0,5,False,False,False,False,True,0.2
2026-07-08T00:40:46Z,IL,IL00039IS008500026,41.7285,-89.0105,84,Mostly Clear,0,0,False,False,False,False,True,0.2
2026-07-08T00:40:46Z,IL,IL00057IS026800022,40.5613,-88.0615,84,Mostly Clear,0,5,False,False,False,False,True,0.2
2026-07-08T00:40:46Z,IL,IL00070IE002700042,38.7849,-89.7023,83,Slight Chance Showers And Thunderstorms,15,5,False,False,True,True,True,0.2
2026-07-08T00:40:46Z,IL,IL00057IN026800032,40.5505,-88.0605,84,Mostly Clear,0,5,False,False,False,False,True,0.2
2026-07-08T00:40:46Z,IL,IL00070IW008700045,39.0679,-88.6704,85,Partly Cloudy,14,5,False,False,False,False,True,0.2
2026-07-08T00:40:46Z,IL,IL00057IS016500018,39.1993,-88.502,83,Partly Cloudy,11,6,False,False,False,False,True,0.2
2026-07-08T00:40:46Z,IL,IL00074IW011400006,40.6111,-89.2323,86,Mostly Clear,0,3,False,False,False,False,True,0.2
2026-07-08T00:40:46Z,IL,IL00074IE011400005,40.6125,-89.245,86,Mostly Clear,0,3,False,False,False,False,True,0.2
2026-07-08T00:40:46Z,IL,IL00074IE006200001,40.8788,-90.0936,86,Mostly Clear,0,3,False,False,False,False,True,0.2
2026-07-08T00:40:46Z,IL,IL00070IW014900008,39.4228,-87.6617,85,Partly Cloudy,2,6,False,False,False,False,True,0.2
2026-07-08T00:40:46Z,IL,IL00057IN016500044,39.1898,-88.5031,84,Partly Cloudy,11,6,False,False,False,False,True,0.2
2026-07-08T00:40:46Z,IL,IL00055IS010400024,39.8871,-89.5966,85,Partly Cloudy,1,5,False,False,False,False,True,0.2
2026-07-08T00:40:46Z,IL,IL00057IS003200025,37.4699,-89.1329,82,Chance Showers And Thunderstorms,42,2,False,False,True,True,True,0.2
2026-07-08T00:40:46Z,IL,IL00057IN003200035,37.4661,-89.1324,82,Chance Showers And Thunderstorms,42,2,False,False,True,True,True,0.2
2026-07-08T00:40:46Z,IN,322,38.195,-87.8597,83,Chance Showers And Thunderstorms,25,3,False,False,True,True,True,0.2
2026-07-08T00:40:46Z,IN,317,38.5852,-85.7768,85,Mostly Cloudy,8,3,False,False,False,False,True,0.2
2026-07-08T00:40:46Z,IN,316,38.5859,-85.7809,85,Mostly Cloudy,8,3,False,False,False,False,True,0.2
2026-07-08T00:40:46Z,IN,315,39.2602,-85.9521,83,Partly Cloudy,1,6,False,False,False,False,True,0.2
2026-07-08T00:40:46Z,IN,314,39.2767,-85.9569,83,Partly Cloudy,1,6,False,False,False,False,True,0.2
2026-07-08T00:40:46Z,IN,313,40.1578,-86.5387,81,Mostly Clear,0,6,False,False,False,False,True,0.2
2026-07-08T00:40:46Z,IN,312,40.1722,-86.5522,81,Mostly Clear,0,6,False,False,False,False,True,0.2
2026-07-08T00:40:46Z,IN,311,40.6992,-87.0628,81,Mostly Clear,0,5,False,False,False,False,True,0.2
2026-07-08T00:40:46Z,IN,310,40.6984,-87.0646,81,Mostly Clear,0,5,False,False,False,False,True,0.2
2026-07-08T00:40:46Z,IN,308,41.1653,-87.271,82,Mostly Clear,0,5,False,False,False,False,True,0.2
2026-07-08T00:40:46Z,IN,309,41.1666,-87.2749,82,Mostly Clear,0,5,False,False,False,False,True,0.2
2026-07-08T00:40:46Z,IN,318,40.3543,-85.5576,82,Mostly Clear,0,5,False,False,False,False,True,0.2
2026-07-08T00:40:46Z,IN,319,40.3569,-85.56,82,Mostly Clear,0,5,False,False,False,False,True,0.2
2026-07-08T00:40:46Z,IN,320,41.2963,-85.0863,81,Mostly Clear,0,5,False,False,False,False,True,0.2
2026-07-08T00:40:46Z,IN,321,41.5803,-85.0597,80,Mostly Clear,0,5,False,False,False,False,True,0.2
2026-07-08T00:40:46Z,IN,300,39.4417,-87.5002,83,Mostly Clear,2,6,False,False,False,False,True,0.2
2026-07-08T00:40:46Z,IN,302,39.6517,-86.3967,82,Partly Cloudy,0,7,False,False,False,False,True,0.2
2026-07-08T00:40:46Z,IN,301,39.6541,-86.4005,82,Partly Cloudy,0,7,False,False,False,False,True,0.2
2026-07-08T00:40:46Z,IN,303,39.8243,-85.7039,81,Partly Cloudy,0,6,False,False,False,False,True,0.2
2026-07-08T00:40:46Z,IN,304,39.8266,-85.704,81,Partly Cloudy,0,6,False,False,False,False,True,0.2
2026-07-08T00:40:46Z,IN,305,39.8605,-85.0259,81,Mostly Cloudy,0,6,False,False,False,False,True,0.2
2026-07-08T00:40:46Z,KY,KY00065IS0000020N65WELCOM,36.6434,-86.5687,81,Showers And Thunderstorms Likely,57,5,False,False,True,True,False,0.1
2026-07-08T00:40:46Z,KY,KY00065IS000020NSMARATHON,36.6612,-86.5553,82,Showers And Thunderstorms Likely,57,3,False,False,True,True,False,0.1
2026-07-08T00:40:46Z,KY,KY00065IS0000340NWEIGHS34,36.6868,-86.5379,81,Showers And Thunderstorms Likely,58,3,False,False,True,True,False,0.1
2026-07-08T00:40:46Z,KY,KY00065IS0011400S65SRA114,37.9464,-85.6905,82,Chance Showers And Thunderstorms,49,3,False,False,True,True,False,0.1
2026-07-08T00:40:46Z,KY,KY00065IS0005900S65SRA059,37.239,-85.9297,81,Showers And Thunderstorms Likely,55,1,False,False,True,True,False,0.1
2026-07-08T00:40:46Z,KY,KY00065IS0005900N65NRA059,37.2384,-85.9271,81,Showers And Thunderstorms Likely,55,1,False,False,True,True,False,0.1
2026-07-08T00:40:46Z,KY,KY00075IS0003300NWEIGHS33,37.0422,-84.0968,73,Showers And Thunderstorms Likely,59,3,False,False,True,True,False,0.1
2026-07-08T00:40:46Z,KY,KY00075IS0003400SWEIGHS34,37.048,-84.0997,74,Showers And Thunderstorms Likely,59,3,False,False,True,True,False,0.1
2026-07-08T00:40:46Z,KY,KY00075IS0017700N75NRA177,38.937,-84.6309,82,Mostly Cloudy,10,6,False,False,False,False,False,0.0
2026-07-08T00:40:46Z,KY,KY00075IS0007500SWALTONWS,38.8653,-84.6476,83,Mostly Cloudy,9,6,False,False,False,False,False,0.0
2026-07-08T00:40:46Z,KY,KY00075IS0017700S75SRA177,38.9388,-84.6339,82,Mostly Cloudy,10,6,False,False,False,False,False,0.0
2026-07-08T00:40:46Z,KY,KY00075IS0016800SCRITENWS,38.8196,-84.6015,82,Mostly Cloudy,9,6,False,False,False,False,False,0.0
2026-07-08T00:40:46Z,KY,KY00075IS0000100N75WELCOM,36.6162,-84.1054,78,Chance Showers And Thunderstorms,30,0,False,False,True,True,False,0.1
2026-07-08T00:57:26Z,IL,IL00064IW002500011,38.5491,-89.7633,84,Slight Chance Showers And Thunderstorms,17,5,False,False,True,True,True,0.2
2026-07-08T00:57:26Z,IL,IL00055IN006400027,39.3465,-89.6408,82,Partly Cloudy,12,3,False,False,False,False,True,0.2
2026-07-08T00:57:26Z,IL,IL00057IN033300049,41.3892,-87.7729,80,Mostly Clear,0,5,False,False,False,False,True,0.2
2026-07-08T00:57:26Z,IL,IL00080IE005100040,41.3938,-89.5665,82,Clear,0,0,False,False,False,False,True,0.2
2026-07-08T00:57:26Z,IL,IL00074IW015600009,40.2711,-88.6701,84,Mostly Clear,0,3,False,False,False,False,True,0.2
2026-07-08T00:57:26Z,IL,IL00072IE015200041,39.9923,-88.7827,83,Partly Cloudy,0,5,False,False,False,False,True,0.2
2026-07-08T00:57:26Z,IL,IL00057IS022200054,39.9314,-88.3043,84,Mostly Clear,0,5,False,False,False,False,True,0.2
2026-07-08T00:57:26Z,IL,IL00070IE008600051,39.0651,-88.6745,83,Partly Cloudy,6,5,False,False,False,False,True,0.2
2026-07-08T00:57:26Z,IL,IL00024IW003700010,37.1593,-88.6798,81,Chance Showers And Thunderstorms,29,0,False,False,True,True,True,0.2
2026-07-08T00:57:26Z,IL,IL00080IE011700043,41.4314,-88.3454,83,Clear,0,5,False,False,False,False,True,0.2
2026-07-08T00:57:26Z,IL,IL00080IW005100013,41.3937,-89.5591,81,Clear,0,0,False,False,False,False,True,0.2
2026-07-08T00:57:26Z,IL,IL00064IW013000053,38.2322,-87.9882,82,Slight Chance Showers And Thunderstorms,16,2,False,False,True,True,True,0.2
2026-07-08T00:57:26Z,IL,IL00074IE015600037,40.2732,-88.6762,83,Mostly Clear,0,3,False,False,False,False,True,0.2
2026-07-08T00:57:26Z,IL,IL00057IS011400023,38.5965,-88.9677,83,Slight Chance Showers And Thunderstorms,18,2,False,False,True,True,True,0.2
2026-07-08T00:57:26Z,IL,IL00055IN014900028,40.3599,-89.1099,83,Mostly Clear,0,3,False,False,False,False,True,0.2
2026-07-08T00:57:26Z,IL,IL00055IN002700029,38.8649,-89.8532,83,Partly Cloudy,14,6,False,False,False,False,True,0.2
2026-07-08T00:57:26Z,IL,IL00074IW002800020,41.2141,-90.3308,81,Clear,0,0,False,False,False,False,True,0.2
2026-07-08T00:57:26Z,IL,IL00057IN022200048,39.9218,-88.299,84,Mostly Clear,0,5,False,False,False,False,True,0.2
2026-07-08T00:57:26Z,IL,IL00064IE008500039,38.273,-88.8496,82,Slight Chance Showers And Thunderstorms,18,2,False,False,True,True,True,0.2
2026-07-08T00:57:26Z,IL,IL00074IW020800052,40.1298,-87.7441,84,Partly Cloudy,0,3,False,False,False,False,True,0.2
2026-07-08T00:57:26Z,IL,IL00070IW002700015,38.7884,-89.6889,83,Slight Chance Showers And Thunderstorms,15,5,False,False,True,True,True,0.2
2026-07-08T00:57:26Z,IL,IL00055IS002700019,38.8723,-89.8511,83,Partly Cloudy,14,6,False,False,False,False,True,0.2
2026-07-08T00:57:26Z,IL,IL00057IN007900034,38.0297,-88.9203,83,Slight Chance Showers And Thunderstorms,19,2,False,False,True,True,True,0.2
2026-07-08T00:57:26Z,IL,IL00057IS033300046,41.3918,-87.7749,80,Mostly Clear,0,5,False,False,False,False,True,0.2
2026-07-08T00:57:26Z,IL,IL00064IE002500038,38.5481,-89.7731,84,Slight Chance Showers And Thunderstorms,17,5,False,False,True,True,True,0.2
2026-07-08T00:57:26Z,IL,IL00057IN011400033,38.5963,-88.9638,83,Slight Chance Showers And Thunderstorms,18,2,False,False,True,True,True,0.2
2026-07-08T00:57:26Z,IL,IL00055IN010400050,39.8627,-89.5948,84,Mostly Clear,1,5,False,False,False,False,True,0.2
2026-07-08T00:57:26Z,IL,IL00039IN008500036,41.7236,-89.0062,83,Clear,0,0,False,False,False,False,True,0.2
2026-07-08T00:57:26Z,IL,IL00057IS007900047,38.0962,-88.9138,83,Slight Chance Showers And Thunderstorms,19,3,False,False,True,True,True,0.2
2026-07-08T00:57:26Z,IL,IL00074IE002800030,41.2334,-90.333,81,Clear,0,0,False,False,False,False,True,0.2
2026-07-08T00:57:26Z,IL,IL00064IW008500012,38.2766,-88.8012,81,Slight Chance Showers And Thunderstorms,17,2,False,False,True,True,True,0.2
2026-07-08T00:57:26Z,IL,IL00072IW015200014,39.9888,-88.7852,83,Partly Cloudy,0,5,False,False,False,False,True,0.2
2026-07-08T00:57:26Z,IL,IL00055IS006400017,39.3523,-89.6447,82,Partly Cloudy,12,3,False,False,False,False,True,0.2
2026-07-08T00:57:26Z,IL,IL00055IN019400031,40.8234,-88.6875,83,Partly Cloudy,0,0,False,False,False,False,True,0.2
2026-07-08T00:57:26Z,IL,IL00074IW006200004,40.8802,-90.0895,85,Clear,0,3,False,False,False,False,True,0.2
2026-07-08T00:57:26Z,IL,IL00055IS019400021,40.8371,-88.6833,84,Mostly Clear,0,0,False,False,False,False,True,0.2
2026-07-08T00:57:26Z,IL,IL00080IW011700016,41.4473,-88.3285,84,Clear,0,5,False,False,False,False,True,0.2
2026-07-08T00:57:26Z,IL,IL00039IS008500026,41.7285,-89.0105,83,Clear,0,0,False,False,False,False,True,0.2
2026-07-08T00:57:26Z,IL,IL00057IS026800022,40.5613,-88.0615,83,Mostly Clear,0,5,False,False,False,False,True,0.2
2026-07-08T00:57:26Z,IL,IL00070IE002700042,38.7849,-89.7023,83,Slight Chance Showers And Thunderstorms,15,5,False,False,True,True,True,0.2
2026-07-08T00:57:26Z,IL,IL00057IN026800032,40.5505,-88.0605,83,Mostly Clear,0,5,False,False,False,False,True,0.2
2026-07-08T00:57:26Z,IL,IL00070IW008700045,39.0679,-88.6704,83,Partly Cloudy,6,5,False,False,False,False,True,0.2
2026-07-08T00:57:26Z,IL,IL00057IS016500018,39.1993,-88.502,83,Partly Cloudy,2,6,False,False,False,False,True,0.2
2026-07-08T00:57:26Z,IL,IL00074IW011400006,40.6111,-89.2323,84,Mostly Clear,0,2,False,False,False,False,True,0.2
2026-07-08T00:57:26Z,IL,IL00074IE011400005,40.6125,-89.245,84,Mostly Clear,0,2,False,False,False,False,True,0.2
2026-07-08T00:57:26Z,IL,IL00074IE006200001,40.8788,-90.0936,85,Clear,0,3,False,False,False,False,True,0.2
2026-07-08T00:57:26Z,IL,IL00070IW014900008,39.4228,-87.6617,84,Partly Cloudy,1,5,False,False,False,False,True,0.2
2026-07-08T00:57:26Z,IL,IL00057IN016500044,39.1898,-88.5031,83,Partly Cloudy,3,5,False,False,False,False,True,0.2
2026-07-08T00:57:26Z,IL,IL00055IS010400024,39.8871,-89.5966,84,Mostly Clear,1,5,False,False,False,False,True,0.2
2026-07-08T00:57:26Z,IL,IL00057IS003200025,37.4699,-89.1329,80,Chance Showers And Thunderstorms,28,1,False,False,True,True,True,0.2
2026-07-08T00:57:26Z,IL,IL00057IN003200035,37.4661,-89.1324,80,Chance Showers And Thunderstorms,28,1,False,False,True,True,True,0.2
2026-07-08T00:57:26Z,IN,322,38.195,-87.8597,82,Slight Chance Showers And Thunderstorms,15,2,False,False,True,True,True,0.2
2026-07-08T00:57:26Z,IN,317,38.5852,-85.7768,84,Mostly Cloudy,6,3,False,False,False,False,True,0.2
2026-07-08T00:57:26Z,IN,316,38.5859,-85.7809,84,Mostly Cloudy,6,3,False,False,False,False,True,0.2
2026-07-08T00:57:26Z,IN,315,39.2602,-85.9521,80,Partly Cloudy,0,5,False,False,False,False,True,0.2
2026-07-08T00:57:26Z,IN,314,39.2767,-85.9569,81,Partly Cloudy,0,5,False,False,False,False,True,0.2
2026-07-08T00:57:26Z,IN,313,40.1578,-86.5387,80,Mostly Clear,0,5,False,False,False,False,True,0.2
2026-07-08T00:57:26Z,IN,312,40.1722,-86.5522,80,Mostly Clear,0,5,False,False,False,False,True,0.2
2026-07-08T00:57:26Z,IN,311,40.6992,-87.0628,79,Clear,0,5,False,False,False,False,True,0.2
2026-07-08T00:57:26Z,IN,310,40.6984,-87.0646,79,Clear,0,5,False,False,False,False,True,0.2
2026-07-08T00:57:26Z,IN,308,41.1653,-87.271,80,Clear,0,5,False,False,False,False,True,0.2
2026-07-08T00:57:26Z,IN,309,41.1666,-87.2749,80,Clear,0,5,False,False,False,False,True,0.2
2026-07-08T00:57:26Z,IN,318,40.3543,-85.5576,81,Mostly Clear,0,5,False,False,False,False,True,0.2
2026-07-08T00:57:26Z,IN,319,40.3569,-85.56,81,Mostly Clear,0,5,False,False,False,False,True,0.2
2026-07-08T00:57:26Z,IN,320,41.2963,-85.0863,79,Mostly Clear,0,0,False,False,False,False,True,0.2
2026-07-08T00:57:26Z,IN,321,41.5803,-85.0597,78,Mostly Clear,0,0,False,False,False,False,True,0.2
2026-07-08T00:57:26Z,IN,300,39.4417,-87.5002,82,Mostly Clear,0,5,False,False,False,False,True,0.2
2026-07-08T00:57:26Z,IN,302,39.6517,-86.3967,81,Partly Cloudy,0,6,False,False,False,False,True,0.2
2026-07-08T00:57:26Z,IN,301,39.6541,-86.4005,81,Partly Cloudy,0,6,False,False,False,False,True,0.2
2026-07-08T00:57:26Z,IN,303,39.8243,-85.7039,80,Partly Cloudy,0,5,False,False,False,False,True,0.2
2026-07-08T00:57:26Z,IN,304,39.8266,-85.704,80,Partly Cloudy,0,5,False,False,False,False,True,0.2
2026-07-08T00:57:26Z,IN,305,39.8605,-85.0259,80,Mostly Cloudy,0,5,False,False,False,False,True,0.2
2026-07-08T00:57:26Z,KY,KY00065IS0000020N65WELCOM,36.6434,-86.5687,80,Chance Showers And Thunderstorms,34,0,False,False,True,True,False,0.1
2026-07-08T00:57:26Z,KY,KY00065IS000020NSMARATHON,36.6612,-86.5553,80,Chance Showers And Thunderstorms,35,2,False,False,True,True,False,0.1
2026-07-08T00:57:26Z,KY,KY00065IS0000340NWEIGHS34,36.6868,-86.5379,80,Chance Showers And Thunderstorms,35,2,False,False,True,True,False,0.1
2026-07-08T00:57:26Z,KY,KY00065IS0011400S65SRA114,37.9464,-85.6905,81,Slight Chance Showers And Thunderstorms,18,2,False,False,True,True,False,0.1
2026-07-08T00:57:26Z,KY,KY00065IS0005900S65SRA059,37.239,-85.9297,80,Slight Chance Showers And Thunderstorms,24,0,False,False,True,True,False,0.1
2026-07-08T00:57:26Z,KY,KY00065IS0005900N65NRA059,37.2384,-85.9271,80,Slight Chance Showers And Thunderstorms,24,0,False,False,True,True,False,0.1
2026-07-08T00:57:26Z,KY,KY00075IS0003300NWEIGHS33,37.0422,-84.0968,74,Chance Showers And Thunderstorms,28,2,False,False,True,True,False,0.1
2026-07-08T00:57:26Z,KY,KY00075IS0003400SWEIGHS34,37.048,-84.0997,74,Chance Showers And Thunderstorms,28,2,False,False,True,True,False,0.1
2026-07-08T00:57:26Z,KY,KY00075IS0017700N75NRA177,38.937,-84.6309,81,Mostly Cloudy,4,6,False,False,False,False,False,0.0
2026-07-08T00:57:26Z,KY,KY00075IS0007500SWALTONWS,38.8653,-84.6476,82,Mostly Cloudy,3,5,False,False,False,False,False,0.0
2026-07-08T00:57:26Z,KY,KY00075IS0017700S75SRA177,38.9388,-84.6339,81,Mostly Cloudy,4,6,False,False,False,False,False,0.0
2026-07-08T00:57:26Z,KY,KY00075IS0016800SCRITENWS,38.8196,-84.6015,81,Partly Cloudy,3,5,False,False,False,False,False,0.0
2026-07-08T00:57:26Z,KY,KY00075IS0000100N75WELCOM,36.6162,-84.1054,78,Chance Showers And Thunderstorms,30,0,False,False,True,True,False,0.1
2026-07-08T01:14:07Z,IL,IL00064IW002500011,38.5491,-89.7633,84,Slight Chance Showers And Thunderstorms,17,5,False,False,True,True,True,0.2
2026-07-08T01:14:07Z,IL,IL00055IN006400027,39.3465,-89.6408,82,Partly Cloudy,12,3,False,False,False,False,True,0.2
2026-07-08T01:14:07Z,IL,IL00057IN033300049,41.3892,-87.7729,80,Mostly Clear,0,5,False,False,False,False,True,0.2
2026-07-08T01:14:07Z,IL,IL00080IE005100040,41.3938,-89.5665,82,Clear,0,0,False,False,False,False,True,0.2
2026-07-08T01:14:07Z,IL,IL00074IW015600009,40.2711,-88.6701,84,Mostly Clear,0,3,False,False,False,False,True,0.2
2026-07-08T01:14:07Z,IL,IL00072IE015200041,39.9923,-88.7827,83,Partly Cloudy,0,5,False,False,False,False,True,0.2
2026-07-08T01:14:07Z,IL,IL00057IS022200054,39.9314,-88.3043,84,Mostly Clear,0,5,False,False,False,False,True,0.2
2026-07-08T01:14:07Z,IL,IL00070IE008600051,39.0651,-88.6745,83,Partly Cloudy,6,5,False,False,False,False,True,0.2
2026-07-08T01:14:07Z,IL,IL00024IW003700010,37.1593,-88.6798,81,Chance Showers And Thunderstorms,29,0,False,False,True,True,True,0.2
2026-07-08T01:14:07Z,IL,IL00080IE011700043,41.4314,-88.3454,83,Clear,0,5,False,False,False,False,True,0.2
2026-07-08T01:14:07Z,IL,IL00080IW005100013,41.3937,-89.5591,81,Clear,0,0,False,False,False,False,True,0.2
2026-07-08T01:14:07Z,IL,IL00064IW013000053,38.2322,-87.9882,82,Slight Chance Showers And Thunderstorms,16,2,False,False,True,True,True,0.2
2026-07-08T01:14:07Z,IL,IL00074IE015600037,40.2732,-88.6762,83,Mostly Clear,0,3,False,False,False,False,True,0.2
2026-07-08T01:14:07Z,IL,IL00057IS011400023,38.5965,-88.9677,83,Slight Chance Showers And Thunderstorms,18,2,False,False,True,True,True,0.2
2026-07-08T01:14:07Z,IL,IL00055IN014900028,40.3599,-89.1099,83,Mostly Clear,0,3,False,False,False,False,True,0.2
2026-07-08T01:14:07Z,IL,IL00055IN002700029,38.8649,-89.8532,83,Partly Cloudy,14,6,False,False,False,False,True,0.2
2026-07-08T01:14:07Z,IL,IL00074IW002800020,41.2141,-90.3308,81,Clear,0,0,False,False,False,False,True,0.2
2026-07-08T01:14:07Z,IL,IL00057IN022200048,39.9218,-88.299,84,Mostly Clear,0,5,False,False,False,False,True,0.2
2026-07-08T01:14:07Z,IL,IL00064IE008500039,38.273,-88.8496,82,Slight Chance Showers And Thunderstorms,18,2,False,False,True,True,True,0.2
2026-07-08T01:14:07Z,IL,IL00074IW020800052,40.1298,-87.7441,84,Partly Cloudy,0,3,False,False,False,False,True,0.2
2026-07-08T01:14:07Z,IL,IL00070IW002700015,38.7884,-89.6889,83,Slight Chance Showers And Thunderstorms,15,5,False,False,True,True,True,0.2
2026-07-08T01:14:07Z,IL,IL00055IS002700019,38.8723,-89.8511,83,Partly Cloudy,14,6,False,False,False,False,True,0.2
2026-07-08T01:14:07Z,IL,IL00057IN007900034,38.0297,-88.9203,83,Slight Chance Showers And Thunderstorms,19,2,False,False,True,True,True,0.2
2026-07-08T01:14:07Z,IL,IL00057IS033300046,41.3918,-87.7749,80,Mostly Clear,0,5,False,False,False,False,True,0.2
2026-07-08T01:14:07Z,IL,IL00064IE002500038,38.5481,-89.7731,84,Slight Chance Showers And Thunderstorms,17,5,False,False,True,True,True,0.2
2026-07-08T01:14:07Z,IL,IL00057IN011400033,38.5963,-88.9638,83,Slight Chance Showers And Thunderstorms,18,2,False,False,True,True,True,0.2
2026-07-08T01:14:07Z,IL,IL00055IN010400050,39.8627,-89.5948,84,Mostly Clear,1,5,False,False,False,False,True,0.2
2026-07-08T01:14:07Z,IL,IL00039IN008500036,41.7236,-89.0062,83,Clear,0,0,False,False,False,False,True,0.2
2026-07-08T01:14:07Z,IL,IL00057IS007900047,38.0962,-88.9138,83,Slight Chance Showers And Thunderstorms,19,3,False,False,True,True,True,0.2
2026-07-08T01:14:07Z,IL,IL00074IE002800030,41.2334,-90.333,81,Clear,0,0,False,False,False,False,True,0.2
2026-07-08T01:14:07Z,IL,IL00064IW008500012,38.2766,-88.8012,81,Slight Chance Showers And Thunderstorms,17,2,False,False,True,True,True,0.2
2026-07-08T01:14:07Z,IL,IL00072IW015200014,39.9888,-88.7852,83,Partly Cloudy,0,5,False,False,False,False,True,0.2
2026-07-08T01:14:07Z,IL,IL00055IS006400017,39.3523,-89.6447,82,Partly Cloudy,12,3,False,False,False,False,True,0.2
2026-07-08T01:14:07Z,IL,IL00055IN019400031,40.8234,-88.6875,83,Partly Cloudy,0,0,False,False,False,False,True,0.2
2026-07-08T01:14:07Z,IL,IL00074IW006200004,40.8802,-90.0895,85,Clear,0,3,False,False,False,False,True,0.2
2026-07-08T01:14:07Z,IL,IL00055IS019400021,40.8371,-88.6833,84,Mostly Clear,0,0,False,False,False,False,True,0.2
2026-07-08T01:14:07Z,IL,IL00080IW011700016,41.4473,-88.3285,84,Clear,0,5,False,False,False,False,True,0.2
2026-07-08T01:14:07Z,IL,IL00039IS008500026,41.7285,-89.0105,83,Clear,0,0,False,False,False,False,True,0.2
2026-07-08T01:14:07Z,IL,IL00057IS026800022,40.5613,-88.0615,83,Mostly Clear,0,5,False,False,False,False,True,0.2
2026-07-08T01:14:07Z,IL,IL00070IE002700042,38.7849,-89.7023,83,Slight Chance Showers And Thunderstorms,15,5,False,False,True,True,True,0.2
2026-07-08T01:14:07Z,IL,IL00057IN026800032,40.5505,-88.0605,83,Mostly Clear,0,5,False,False,False,False,True,0.2
2026-07-08T01:14:07Z,IL,IL00070IW008700045,39.0679,-88.6704,83,Partly Cloudy,6,5,False,False,False,False,True,0.2
2026-07-08T01:14:07Z,IL,IL00057IS016500018,39.1993,-88.502,83,Partly Cloudy,2,6,False,False,False,False,True,0.2
2026-07-08T01:14:07Z,IL,IL00074IW011400006,40.6111,-89.2323,84,Mostly Clear,0,2,False,False,False,False,True,0.2
2026-07-08T01:14:07Z,IL,IL00074IE011400005,40.6125,-89.245,84,Mostly Clear,0,2,False,False,False,False,True,0.2
2026-07-08T01:14:07Z,IL,IL00074IE006200001,40.8788,-90.0936,85,Clear,0,3,False,False,False,False,True,0.2
2026-07-08T01:14:07Z,IL,IL00070IW014900008,39.4228,-87.6617,84,Partly Cloudy,1,5,False,False,False,False,True,0.2
2026-07-08T01:14:07Z,IL,IL00057IN016500044,39.1898,-88.5031,83,Partly Cloudy,3,5,False,False,False,False,True,0.2
2026-07-08T01:14:07Z,IL,IL00055IS010400024,39.8871,-89.5966,84,Mostly Clear,1,5,False,False,False,False,True,0.2
2026-07-08T01:14:07Z,IL,IL00057IS003200025,37.4699,-89.1329,80,Chance Showers And Thunderstorms,28,1,False,False,True,True,True,0.2
2026-07-08T01:14:07Z,IL,IL00057IN003200035,37.4661,-89.1324,80,Chance Showers And Thunderstorms,28,1,False,False,True,True,True,0.2
2026-07-08T01:14:07Z,IN,322,38.195,-87.8597,82,Slight Chance Showers And Thunderstorms,15,2,False,False,True,True,True,0.2
2026-07-08T01:14:07Z,IN,317,38.5852,-85.7768,84,Mostly Cloudy,6,3,False,False,False,False,True,0.2
2026-07-08T01:14:07Z,IN,316,38.5859,-85.7809,84,Mostly Cloudy,6,3,False,False,False,False,True,0.2
2026-07-08T01:14:07Z,IN,315,39.2602,-85.9521,80,Partly Cloudy,0,5,False,False,False,False,True,0.2
2026-07-08T01:14:07Z,IN,314,39.2767,-85.9569,81,Partly Cloudy,0,5,False,False,False,False,True,0.2
2026-07-08T01:14:07Z,IN,313,40.1578,-86.5387,80,Mostly Clear,0,5,False,False,False,False,True,0.2
2026-07-08T01:14:07Z,IN,312,40.1722,-86.5522,80,Mostly Clear,0,5,False,False,False,False,True,0.2
2026-07-08T01:14:07Z,IN,311,40.6992,-87.0628,79,Clear,0,5,False,False,False,False,True,0.2
2026-07-08T01:14:07Z,IN,310,40.6984,-87.0646,79,Clear,0,5,False,False,False,False,True,0.2
2026-07-08T01:14:07Z,IN,308,41.1653,-87.271,80,Clear,0,5,False,False,False,False,True,0.2
2026-07-08T01:14:07Z,IN,309,41.1666,-87.2749,80,Clear,0,5,False,False,False,False,True,0.2
2026-07-08T01:14:07Z,IN,318,40.3543,-85.5576,81,Mostly Clear,0,5,False,False,False,False,True,0.2
2026-07-08T01:14:07Z,IN,319,40.3569,-85.56,81,Mostly Clear,0,5,False,False,False,False,True,0.2
2026-07-08T01:14:07Z,IN,320,41.2963,-85.0863,79,Mostly Clear,0,0,False,False,False,False,True,0.2
2026-07-08T01:14:07Z,IN,321,41.5803,-85.0597,78,Mostly Clear,0,0,False,False,False,False,True,0.2
2026-07-08T01:14:07Z,IN,300,39.4417,-87.5002,82,Mostly Clear,0,5,False,False,False,False,True,0.2
2026-07-08T01:14:07Z,IN,302,39.6517,-86.3967,81,Partly Cloudy,0,6,False,False,False,False,True,0.2
2026-07-08T01:14:07Z,IN,301,39.6541,-86.4005,81,Partly Cloudy,0,6,False,False,False,False,True,0.2
2026-07-08T01:14:07Z,IN,303,39.8243,-85.7039,80,Partly Cloudy,0,5,False,False,False,False,True,0.2
2026-07-08T01:14:07Z,IN,304,39.8266,-85.704,80,Partly Cloudy,0,5,False,False,False,False,True,0.2
2026-07-08T01:14:07Z,IN,305,39.8605,-85.0259,80,Mostly Cloudy,0,5,False,False,False,False,True,0.2
2026-07-08T01:14:07Z,KY,KY00065IS0000020N65WELCOM,36.6434,-86.5687,80,Chance Showers And Thunderstorms,34,0,False,False,True,True,False,0.1
2026-07-08T01:14:07Z,KY,KY00065IS000020NSMARATHON,36.6612,-86.5553,80,Chance Showers And Thunderstorms,35,2,False,False,True,True,False,0.1
2026-07-08T01:14:07Z,KY,KY00065IS0000340NWEIGHS34,36.6868,-86.5379,80,Chance Showers And Thunderstorms,35,2,False,False,True,True,False,0.1
2026-07-08T01:14:07Z,KY,KY00065IS0011400S65SRA114,37.9464,-85.6905,81,Slight Chance Showers And Thunderstorms,18,2,False,False,True,True,False,0.1
2026-07-08T01:14:07Z,KY,KY00065IS0005900S65SRA059,37.239,-85.9297,80,Slight Chance Showers And Thunderstorms,24,0,False,False,True,True,False,0.1
2026-07-08T01:14:07Z,KY,KY00065IS0005900N65NRA059,37.2384,-85.9271,80,Slight Chance Showers And Thunderstorms,24,0,False,False,True,True,False,0.1
2026-07-08T01:14:07Z,KY,KY00075IS0003300NWEIGHS33,37.0422,-84.0968,74,Chance Showers And Thunderstorms,28,2,False,False,True,True,False,0.1
2026-07-08T01:14:07Z,KY,KY00075IS0003400SWEIGHS34,37.048,-84.0997,74,Chance Showers And Thunderstorms,28,2,False,False,True,True,False,0.1
2026-07-08T01:14:07Z,KY,KY00075IS0017700N75NRA177,38.937,-84.6309,81,Mostly Cloudy,4,6,False,False,False,False,False,0.0
2026-07-08T01:14:07Z,KY,KY00075IS0007500SWALTONWS,38.8653,-84.6476,82,Mostly Cloudy,3,5,False,False,False,False,False,0.0
2026-07-08T01:14:07Z,KY,KY00075IS0017700S75SRA177,38.9388,-84.6339,81,Mostly Cloudy,4,6,False,False,False,False,False,0.0
2026-07-08T01:14:07Z,KY,KY00075IS0016800SCRITENWS,38.8196,-84.6015,81,Partly Cloudy,3,5,False,False,False,False,False,0.0
2026-07-08T01:14:07Z,KY,KY00075IS0000100N75WELCOM,36.6162,-84.1054,78,Chance Showers And Thunderstorms,30,0,False,False,True,True,False,0.1
2026-07-08T01:30:30Z,IL,IL00064IW002500011,38.5491,-89.7633,84,Slight Chance Showers And Thunderstorms,17,5,False,False,True,True,True,0.2
2026-07-08T01:30:30Z,IL,IL00055IN006400027,39.3465,-89.6408,80,Partly Cloudy,11,2,False,False,False,False,True,0.2
2026-07-08T01:30:30Z,IL,IL00057IN033300049,41.3892,-87.7729,80,Mostly Clear,0,5,False,False,False,False,True,0.2
2026-07-08T01:30:30Z,IL,IL00080IE005100040,41.3938,-89.5665,82,Clear,0,0,False,False,False,False,True,0.2
2026-07-08T01:30:30Z,IL,IL00074IW015600009,40.2711,-88.6701,84,Mostly Clear,0,3,False,False,False,False,True,0.2
2026-07-08T01:30:30Z,IL,IL00072IE015200041,39.9923,-88.7827,81,Mostly Clear,0,5,False,False,False,False,True,0.2
2026-07-08T01:30:30Z,IL,IL00057IS022200054,39.9314,-88.3043,81,Partly Cloudy,0,5,False,False,False,False,True,0.2
2026-07-08T01:30:30Z,IL,IL00070IE008600051,39.0651,-88.6745,83,Partly Cloudy,6,5,False,False,False,False,True,0.2
2026-07-08T01:30:30Z,IL,IL00024IW003700010,37.1593,-88.6798,77,Mostly Cloudy,11,0,False,False,False,False,True,0.2
2026-07-08T01:30:30Z,IL,IL00080IE011700043,41.4314,-88.3454,83,Clear,0,5,False,False,False,False,True,0.2
2026-07-08T01:30:30Z,IL,IL00080IW005100013,41.3937,-89.5591,81,Clear,0,0,False,False,False,False,True,0.2
2026-07-08T01:30:30Z,IL,IL00064IW013000053,38.2322,-87.9882,79,Mostly Cloudy,5,1,False,False,False,False,True,0.2
2026-07-08T01:30:30Z,IL,IL00074IE015600037,40.2732,-88.6762,83,Mostly Clear,0,3,False,False,False,False,True,0.2
2026-07-08T01:30:30Z,IL,IL00057IS011400023,38.5965,-88.9677,80,Slight Chance Showers And Thunderstorms,15,0,False,False,True,True,True,0.2
2026-07-08T01:30:30Z,IL,IL00055IN014900028,40.3599,-89.1099,83,Mostly Clear,0,3,False,False,False,False,True,0.2
2026-07-08T01:30:30Z,IL,IL00055IN002700029,38.8649,-89.8532,83,Partly Cloudy,14,6,False,False,False,False,True,0.2
2026-07-08T01:30:30Z,IL,IL00074IW002800020,41.2141,-90.3308,81,Clear,0,0,False,False,False,False,True,0.2
2026-07-08T01:30:30Z,IL,IL00057IN022200048,39.9218,-88.299,84,Mostly Clear,0,5,False,False,False,False,True,0.2
2026-07-08T01:30:30Z,IL,IL00064IE008500039,38.273,-88.8496,82,Slight Chance Showers And Thunderstorms,18,2,False,False,True,True,True,0.2
2026-07-08T01:30:30Z,IL,IL00074IW020800052,40.1298,-87.7441,81,Partly Cloudy,0,3,False,False,False,False,True,0.2
2026-07-08T01:30:30Z,IL,IL00070IW002700015,38.7884,-89.6889,83,Slight Chance Showers And Thunderstorms,15,5,False,False,True,True,True,0.2
2026-07-08T01:30:30Z,IL,IL00055IS002700019,38.8723,-89.8511,82,Partly Cloudy,11,3,False,False,False,False,True,0.2
2026-07-08T01:30:30Z,IL,IL00057IN007900034,38.0297,-88.9203,83,Slight Chance Showers And Thunderstorms,19,2,False,False,True,True,True,0.2
2026-07-08T01:30:30Z,IL,IL00057IS033300046,41.3918,-87.7749,80,Mostly Clear,0,5,False,False,False,False,True,0.2
2026-07-08T01:30:30Z,IL,IL00064IE002500038,38.5481,-89.7731,81,Partly Cloudy,13,2,False,False,False,False,True,0.2
2026-07-08T01:30:30Z,IL,IL00057IN011400033,38.5963,-88.9638,80,Slight Chance Showers And Thunderstorms,15,0,False,False,True,True,True,0.2
2026-07-08T01:30:30Z,IL,IL00055IN010400050,39.8627,-89.5948,84,Mostly Clear,1,5,False,False,False,False,True,0.2
2026-07-08T01:30:30Z,IL,IL00039IN008500036,41.7236,-89.0062,83,Clear,0,0,False,False,False,False,True,0.2
2026-07-08T01:30:30Z,IL,IL00057IS007900047,38.0962,-88.9138,83,Slight Chance Showers And Thunderstorms,19,3,False,False,True,True,True,0.2
2026-07-08T01:30:30Z,IL,IL00074IE002800030,41.2334,-90.333,80,Clear,0,0,False,False,False,False,True,0.2
2026-07-08T01:30:30Z,IL,IL00064IW008500012,38.2766,-88.8012,78,Mostly Cloudy,4,1,False,False,False,False,True,0.2
2026-07-08T01:30:30Z,IL,IL00072IW015200014,39.9888,-88.7852,83,Partly Cloudy,0,5,False,False,False,False,True,0.2
2026-07-08T01:30:30Z,IL,IL00055IS006400017,39.3523,-89.6447,82,Partly Cloudy,12,3,False,False,False,False,True,0.2
2026-07-08T01:30:30Z,IL,IL00055IN019400031,40.8234,-88.6875,80,Mostly Clear,0,0,False,False,False,False,True,0.2
2026-07-08T01:30:30Z,IL,IL00074IW006200004,40.8802,-90.0895,85,Clear,0,3,False,False,False,False,True,0.2
2026-07-08T01:30:30Z,IL,IL00055IS019400021,40.8371,-88.6833,80,Mostly Clear,0,0,False,False,False,False,True,0.2
2026-07-08T01:30:30Z,IL,IL00080IW011700016,41.4473,-88.3285,84,Clear,0,5,False,False,False,False,True,0.2
2026-07-08T01:30:30Z,IL,IL00039IS008500026,41.7285,-89.0105,79,Clear,0,0,False,False,False,False,True,0.2
2026-07-08T01:30:30Z,IL,IL00057IS026800022,40.5613,-88.0615,79,Mostly Clear,0,5,False,False,False,False,True,0.2
2026-07-08T01:30:30Z,IL,IL00070IE002700042,38.7849,-89.7023,83,Slight Chance Showers And Thunderstorms,15,5,False,False,True,True,True,0.2
2026-07-08T01:30:30Z,IL,IL00057IN026800032,40.5505,-88.0605,79,Mostly Clear,0,5,False,False,False,False,True,0.2
2026-07-08T01:30:30Z,IL,IL00070IW008700045,39.0679,-88.6704,82,Partly Cloudy,2,3,False,False,False,False,True,0.2
2026-07-08T01:30:30Z,IL,IL00057IS016500018,39.1993,-88.502,81,Mostly Clear,1,5,False,False,False,False,True,0.2
2026-07-08T01:30:30Z,IL,IL00074IW011400006,40.6111,-89.2323,81,Mostly Clear,0,3,False,False,False,False,True,0.2
2026-07-08T01:30:30Z,IL,IL00074IE011400005,40.6125,-89.245,84,Mostly Clear,0,2,False,False,False,False,True,0.2
2026-07-08T01:30:30Z,IL,IL00074IE006200001,40.8788,-90.0936,85,Clear,0,3,False,False,False,False,True,0.2
2026-07-08T01:30:30Z,IL,IL00070IW014900008,39.4228,-87.6617,81,Mostly Clear,0,3,False,False,False,False,True,0.2
2026-07-08T01:30:30Z,IL,IL00057IN016500044,39.1898,-88.5031,83,Partly Cloudy,3,5,False,False,False,False,True,0.2
2026-07-08T01:30:30Z,IL,IL00055IS010400024,39.8871,-89.5966,84,Mostly Clear,1,5,False,False,False,False,True,0.2
2026-07-08T01:30:30Z,IL,IL00057IS003200025,37.4699,-89.1329,80,Chance Showers And Thunderstorms,28,1,False,False,True,True,True,0.2
2026-07-08T01:30:30Z,IL,IL00057IN003200035,37.4661,-89.1324,80,Chance Showers And Thunderstorms,28,1,False,False,True,True,True,0.2
2026-07-08T01:30:30Z,IN,322,38.195,-87.8597,82,Slight Chance Showers And Thunderstorms,15,2,False,False,True,True,True,0.2
2026-07-08T01:30:30Z,IN,317,38.5852,-85.7768,81,Mostly Cloudy,7,2,False,False,False,False,True,0.2
2026-07-08T01:30:30Z,IN,316,38.5859,-85.7809,81,Mostly Cloudy,7,2,False,False,False,False,True,0.2
2026-07-08T01:30:30Z,IN,315,39.2602,-85.9521,79,Mostly Cloudy,0,3,False,False,False,False,True,0.2
2026-07-08T01:30:30Z,IN,314,39.2767,-85.9569,81,Partly Cloudy,0,5,False,False,False,False,True,0.2
2026-07-08T01:30:30Z,IN,313,40.1578,-86.5387,78,Mostly Clear,0,3,False,False,False,False,True,0.2
2026-07-08T01:30:30Z,IN,312,40.1722,-86.5522,79,Mostly Clear,0,3,False,False,False,False,True,0.2
2026-07-08T01:30:30Z,IN,311,40.6992,-87.0628,79,Clear,0,5,False,False,False,False,True,0.2
2026-07-08T01:30:30Z,IN,310,40.6984,-87.0646,79,Clear,0,5,False,False,False,False,True,0.2
2026-07-08T01:30:30Z,IN,308,41.1653,-87.271,76,Clear,0,5,False,False,False,False,True,0.2
2026-07-08T01:30:30Z,IN,309,41.1666,-87.2749,80,Clear,0,5,False,False,False,False,True,0.2
2026-07-08T01:30:30Z,IN,318,40.3543,-85.5576,78,Mostly Clear,0,3,False,False,False,False,True,0.2
2026-07-08T01:30:30Z,IN,319,40.3569,-85.56,81,Mostly Clear,0,5,False,False,False,False,True,0.2
2026-07-08T01:30:30Z,IN,320,41.2963,-85.0863,79,Mostly Clear,0,0,False,False,False,False,True,0.2
2026-07-08T01:30:30Z,IN,321,41.5803,-85.0597,76,Clear,0,0,False,False,False,False,True,0.2
2026-07-08T01:30:30Z,IN,300,39.4417,-87.5002,80,Mostly Clear,0,3,False,False,False,False,True,0.2
2026-07-08T01:30:30Z,IN,302,39.6517,-86.3967,81,Partly Cloudy,0,6,False,False,False,False,True,0.2
2026-07-08T01:30:30Z,IN,301,39.6541,-86.4005,81,Partly Cloudy,0,6,False,False,False,False,True,0.2
2026-07-08T01:30:30Z,IN,303,39.8243,-85.7039,77,Partly Cloudy,0,3,False,False,False,False,True,0.2
2026-07-08T01:30:30Z,IN,304,39.8266,-85.704,77,Partly Cloudy,0,3,False,False,False,False,True,0.2
2026-07-08T01:30:30Z,IN,305,39.8605,-85.0259,76,Mostly Cloudy,0,3,False,False,False,False,True,0.2
2026-07-08T01:30:30Z,KY,KY00065IS0000020N65WELCOM,36.6434,-86.5687,80,Chance Showers And Thunderstorms,34,0,False,False,True,True,False,0.1
2026-07-08T01:30:30Z,KY,KY00065IS000020NSMARATHON,36.6612,-86.5553,78,Chance Showers And Thunderstorms,30,1,False,False,True,True,False,0.1
2026-07-08T01:30:30Z,KY,KY00065IS0000340NWEIGHS34,36.6868,-86.5379,78,Chance Showers And Thunderstorms,30,1,False,False,True,True,False,0.1
2026-07-08T01:30:30Z,KY,KY00065IS0011400S65SRA114,37.9464,-85.6905,81,Slight Chance Showers And Thunderstorms,18,2,False,False,True,True,False,0.1
2026-07-08T01:30:30Z,KY,KY00065IS0005900S65SRA059,37.239,-85.9297,78,Slight Chance Showers And Thunderstorms,23,0,False,False,True,True,False,0.1
2026-07-08T01:30:30Z,KY,KY00065IS0005900N65NRA059,37.2384,-85.9271,78,Slight Chance Showers And Thunderstorms,23,0,False,False,True,True,False,0.1
2026-07-08T01:30:30Z,KY,KY00075IS0003300NWEIGHS33,37.0422,-84.0968,74,Chance Showers And Thunderstorms,28,2,False,False,True,True,False,0.1
2026-07-08T01:30:30Z,KY,KY00075IS0003400SWEIGHS34,37.048,-84.0997,74,Chance Showers And Thunderstorms,28,2,False,False,True,True,False,0.1
2026-07-08T01:30:30Z,KY,KY00075IS0017700N75NRA177,38.937,-84.6309,78,Mostly Cloudy,2,3,False,False,False,False,False,0.0
2026-07-08T01:30:30Z,KY,KY00075IS0007500SWALTONWS,38.8653,-84.6476,78,Mostly Cloudy,2,3,False,False,False,False,False,0.0
2026-07-08T01:30:30Z,KY,KY00075IS0017700S75SRA177,38.9388,-84.6339,78,Mostly Cloudy,2,3,False,False,False,False,False,0.0
2026-07-08T01:30:30Z,KY,KY00075IS0016800SCRITENWS,38.8196,-84.6015,78,Mostly Cloudy,2,3,False,False,False,False,False,0.0
2026-07-08T01:30:30Z,KY,KY00075IS0000100N75WELCOM,36.6162,-84.1054,75,Slight Chance Showers And Thunderstorms,23,0,False,False,True,True,False,0.1
2026-07-08T01:47:03Z,IL,IL00064IW002500011,38.5491,-89.7633,84,Slight Chance Showers And Thunderstorms,17,5,False,False,True,True,True,0.2
2026-07-08T01:47:03Z,IL,IL00055IN006400027,39.3465,-89.6408,82,Partly Cloudy,12,3,False,False,False,False,True,0.2
2026-07-08T01:47:03Z,IL,IL00057IN033300049,41.3892,-87.7729,80,Mostly Clear,0,5,False,False,False,False,True,0.2
2026-07-08T01:47:03Z,IL,IL00080IE005100040,41.3938,-89.5665,82,Clear,0,0,False,False,False,False,True,0.2
2026-07-08T01:47:03Z,IL,IL00074IW015600009,40.2711,-88.6701,84,Mostly Clear,0,3,False,False,False,False,True,0.2
2026-07-08T01:47:03Z,IL,IL00072IE015200041,39.9923,-88.7827,83,Partly Cloudy,0,5,False,False,False,False,True,0.2
2026-07-08T01:47:03Z,IL,IL00057IS022200054,39.9314,-88.3043,84,Mostly Clear,0,5,False,False,False,False,True,0.2
2026-07-08T01:47:03Z,IL,IL00070IE008600051,39.0651,-88.6745,83,Partly Cloudy,6,5,False,False,False,False,True,0.2
2026-07-08T01:47:03Z,IL,IL00024IW003700010,37.1593,-88.6798,81,Chance Showers And Thunderstorms,29,0,False,False,True,True,True,0.2
2026-07-08T01:47:03Z,IL,IL00080IE011700043,41.4314,-88.3454,83,Clear,0,5,False,False,False,False,True,0.2
2026-07-08T01:47:03Z,IL,IL00080IW005100013,41.3937,-89.5591,81,Clear,0,0,False,False,False,False,True,0.2
2026-07-08T01:47:03Z,IL,IL00064IW013000053,38.2322,-87.9882,82,Slight Chance Showers And Thunderstorms,16,2,False,False,True,True,True,0.2
2026-07-08T01:47:03Z,IL,IL00074IE015600037,40.2732,-88.6762,83,Mostly Clear,0,3,False,False,False,False,True,0.2
2026-07-08T01:47:03Z,IL,IL00057IS011400023,38.5965,-88.9677,83,Slight Chance Showers And Thunderstorms,18,2,False,False,True,True,True,0.2
2026-07-08T01:47:03Z,IL,IL00055IN014900028,40.3599,-89.1099,83,Mostly Clear,0,3,False,False,False,False,True,0.2
2026-07-08T01:47:03Z,IL,IL00055IN002700029,38.8649,-89.8532,83,Partly Cloudy,14,6,False,False,False,False,True,0.2
2026-07-08T01:47:03Z,IL,IL00074IW002800020,41.2141,-90.3308,81,Clear,0,0,False,False,False,False,True,0.2
2026-07-08T01:47:03Z,IL,IL00057IN022200048,39.9218,-88.299,84,Mostly Clear,0,5,False,False,False,False,True,0.2
2026-07-08T01:47:03Z,IL,IL00064IE008500039,38.273,-88.8496,82,Slight Chance Showers And Thunderstorms,18,2,False,False,True,True,True,0.2
2026-07-08T01:47:03Z,IL,IL00074IW020800052,40.1298,-87.7441,84,Partly Cloudy,0,3,False,False,False,False,True,0.2
2026-07-08T01:47:03Z,IL,IL00070IW002700015,38.7884,-89.6889,83,Slight Chance Showers And Thunderstorms,15,5,False,False,True,True,True,0.2
2026-07-08T01:47:03Z,IL,IL00055IS002700019,38.8723,-89.8511,83,Partly Cloudy,14,6,False,False,False,False,True,0.2
2026-07-08T01:47:03Z,IL,IL00057IN007900034,38.0297,-88.9203,83,Slight Chance Showers And Thunderstorms,19,2,False,False,True,True,True,0.2
2026-07-08T01:47:03Z,IL,IL00057IS033300046,41.3918,-87.7749,80,Mostly Clear,0,5,False,False,False,False,True,0.2
2026-07-08T01:47:03Z,IL,IL00064IE002500038,38.5481,-89.7731,84,Slight Chance Showers And Thunderstorms,17,5,False,False,True,True,True,0.2
2026-07-08T01:47:03Z,IL,IL00057IN011400033,38.5963,-88.9638,83,Slight Chance Showers And Thunderstorms,18,2,False,False,True,True,True,0.2
2026-07-08T01:47:03Z,IL,IL00055IN010400050,39.8627,-89.5948,84,Mostly Clear,1,5,False,False,False,False,True,0.2
2026-07-08T01:47:03Z,IL,IL00039IN008500036,41.7236,-89.0062,83,Clear,0,0,False,False,False,False,True,0.2
2026-07-08T01:47:03Z,IL,IL00057IS007900047,38.0962,-88.9138,83,Slight Chance Showers And Thunderstorms,19,3,False,False,True,True,True,0.2
2026-07-08T01:47:03Z,IL,IL00074IE002800030,41.2334,-90.333,81,Clear,0,0,False,False,False,False,True,0.2
2026-07-08T01:47:03Z,IL,IL00064IW008500012,38.2766,-88.8012,81,Slight Chance Showers And Thunderstorms,17,2,False,False,True,True,True,0.2
2026-07-08T01:47:03Z,IL,IL00072IW015200014,39.9888,-88.7852,83,Partly Cloudy,0,5,False,False,False,False,True,0.2
2026-07-08T01:47:03Z,IL,IL00055IS006400017,39.3523,-89.6447,82,Partly Cloudy,12,3,False,False,False,False,True,0.2
2026-07-08T01:47:03Z,IL,IL00055IN019400031,40.8234,-88.6875,83,Partly Cloudy,0,0,False,False,False,False,True,0.2
2026-07-08T01:47:03Z,IL,IL00074IW006200004,40.8802,-90.0895,85,Clear,0,3,False,False,False,False,True,0.2
2026-07-08T01:47:03Z,IL,IL00055IS019400021,40.8371,-88.6833,84,Mostly Clear,0,0,False,False,False,False,True,0.2
2026-07-08T01:47:03Z,IL,IL00080IW011700016,41.4473,-88.3285,84,Clear,0,5,False,False,False,False,True,0.2
2026-07-08T01:47:03Z,IL,IL00039IS008500026,41.7285,-89.0105,83,Clear,0,0,False,False,False,False,True,0.2
2026-07-08T01:47:03Z,IL,IL00057IS026800022,40.5613,-88.0615,83,Mostly Clear,0,5,False,False,False,False,True,0.2
2026-07-08T01:47:03Z,IL,IL00070IE002700042,38.7849,-89.7023,83,Slight Chance Showers And Thunderstorms,15,5,False,False,True,True,True,0.2
2026-07-08T01:47:03Z,IL,IL00057IN026800032,40.5505,-88.0605,83,Mostly Clear,0,5,False,False,False,False,True,0.2
2026-07-08T01:47:03Z,IL,IL00070IW008700045,39.0679,-88.6704,83,Partly Cloudy,6,5,False,False,False,False,True,0.2
2026-07-08T01:47:03Z,IL,IL00057IS016500018,39.1993,-88.502,83,Partly Cloudy,2,6,False,False,False,False,True,0.2
2026-07-08T01:47:03Z,IL,IL00074IW011400006,40.6111,-89.2323,84,Mostly Clear,0,2,False,False,False,False,True,0.2
2026-07-08T01:47:03Z,IL,IL00074IE011400005,40.6125,-89.245,84,Mostly Clear,0,2,False,False,False,False,True,0.2
2026-07-08T01:47:03Z,IL,IL00074IE006200001,40.8788,-90.0936,85,Clear,0,3,False,False,False,False,True,0.2
2026-07-08T01:47:03Z,IL,IL00070IW014900008,39.4228,-87.6617,84,Partly Cloudy,1,5,False,False,False,False,True,0.2
2026-07-08T01:47:03Z,IL,IL00057IN016500044,39.1898,-88.5031,83,Partly Cloudy,3,5,False,False,False,False,True,0.2
2026-07-08T01:47:03Z,IL,IL00055IS010400024,39.8871,-89.5966,84,Mostly Clear,1,5,False,False,False,False,True,0.2
2026-07-08T01:47:03Z,IL,IL00057IS003200025,37.4699,-89.1329,80,Chance Showers And Thunderstorms,28,1,False,False,True,True,True,0.2
2026-07-08T01:47:03Z,IL,IL00057IN003200035,37.4661,-89.1324,80,Chance Showers And Thunderstorms,28,1,False,False,True,True,True,0.2
2026-07-08T01:47:03Z,IN,322,38.195,-87.8597,82,Slight Chance Showers And Thunderstorms,15,2,False,False,True,True,True,0.2
2026-07-08T01:47:03Z,IN,317,38.5852,-85.7768,84,Mostly Cloudy,6,3,False,False,False,False,True,0.2
2026-07-08T01:47:03Z,IN,316,38.5859,-85.7809,84,Mostly Cloudy,6,3,False,False,False,False,True,0.2
2026-07-08T01:47:03Z,IN,315,39.2602,-85.9521,80,Partly Cloudy,0,5,False,False,False,False,True,0.2
2026-07-08T01:47:03Z,IN,314,39.2767,-85.9569,81,Partly Cloudy,0,5,False,False,False,False,True,0.2
2026-07-08T01:47:03Z,IN,313,40.1578,-86.5387,80,Mostly Clear,0,5,False,False,False,False,True,0.2
2026-07-08T01:47:03Z,IN,312,40.1722,-86.5522,80,Mostly Clear,0,5,False,False,False,False,True,0.2
2026-07-08T01:47:03Z,IN,311,40.6992,-87.0628,79,Clear,0,5,False,False,False,False,True,0.2
2026-07-08T01:47:03Z,IN,310,40.6984,-87.0646,79,Clear,0,5,False,False,False,False,True,0.2
2026-07-08T01:47:03Z,IN,308,41.1653,-87.271,80,Clear,0,5,False,False,False,False,True,0.2
2026-07-08T01:47:03Z,IN,309,41.1666,-87.2749,80,Clear,0,5,False,False,False,False,True,0.2
2026-07-08T01:47:03Z,IN,318,40.3543,-85.5576,81,Mostly Clear,0,5,False,False,False,False,True,0.2
2026-07-08T01:47:03Z,IN,319,40.3569,-85.56,81,Mostly Clear,0,5,False,False,False,False,True,0.2
2026-07-08T01:47:03Z,IN,320,41.2963,-85.0863,79,Mostly Clear,0,0,False,False,False,False,True,0.2
2026-07-08T01:47:03Z,IN,321,41.5803,-85.0597,78,Mostly Clear,0,0,False,False,False,False,True,0.2
2026-07-08T01:47:03Z,IN,300,39.4417,-87.5002,82,Mostly Clear,0,5,False,False,False,False,True,0.2
2026-07-08T01:47:03Z,IN,302,39.6517,-86.3967,81,Partly Cloudy,0,6,False,False,False,False,True,0.2
2026-07-08T01:47:03Z,IN,301,39.6541,-86.4005,81,Partly Cloudy,0,6,False,False,False,False,True,0.2
2026-07-08T01:47:03Z,IN,303,39.8243,-85.7039,80,Partly Cloudy,0,5,False,False,False,False,True,0.2
2026-07-08T01:47:03Z,IN,304,39.8266,-85.704,80,Partly Cloudy,0,5,False,False,False,False,True,0.2
2026-07-08T01:47:03Z,IN,305,39.8605,-85.0259,80,Mostly Cloudy,0,5,False,False,False,False,True,0.2
2026-07-08T01:47:03Z,KY,KY00065IS0000020N65WELCOM,36.6434,-86.5687,80,Chance Showers And Thunderstorms,34,0,False,False,True,True,False,0.1
2026-07-08T01:47:03Z,KY,KY00065IS000020NSMARATHON,36.6612,-86.5553,80,Chance Showers And Thunderstorms,35,2,False,False,True,True,False,0.1
2026-07-08T01:47:03Z,KY,KY00065IS0000340NWEIGHS34,36.6868,-86.5379,80,Chance Showers And Thunderstorms,35,2,False,False,True,True,False,0.1
2026-07-08T01:47:03Z,KY,KY00065IS0011400S65SRA114,37.9464,-85.6905,81,Slight Chance Showers And Thunderstorms,18,2,False,False,True,True,False,0.1
2026-07-08T01:47:03Z,KY,KY00065IS0005900S65SRA059,37.239,-85.9297,80,Slight Chance Showers And Thunderstorms,24,0,False,False,True,True,False,0.1
2026-07-08T01:47:03Z,KY,KY00065IS0005900N65NRA059,37.2384,-85.9271,80,Slight Chance Showers And Thunderstorms,24,0,False,False,True,True,False,0.1
2026-07-08T01:47:03Z,KY,KY00075IS0003300NWEIGHS33,37.0422,-84.0968,74,Chance Showers And Thunderstorms,28,2,False,False,True,True,False,0.1
2026-07-08T01:47:03Z,KY,KY00075IS0003400SWEIGHS34,37.048,-84.0997,74,Chance Showers And Thunderstorms,28,2,False,False,True,True,False,0.1
2026-07-08T01:47:03Z,KY,KY00075IS0017700N75NRA177,38.937,-84.6309,78,Mostly Cloudy,2,3,False,False,False,False,False,0.0
2026-07-08T01:47:03Z,KY,KY00075IS0007500SWALTONWS,38.8653,-84.6476,82,Mostly Cloudy,3,5,False,False,False,False,False,0.0
2026-07-08T01:47:03Z,KY,KY00075IS0017700S75SRA177,38.9388,-84.6339,78,Mostly Cloudy,2,3,False,False,False,False,False,0.0
2026-07-08T01:47:03Z,KY,KY00075IS0016800SCRITENWS,38.8196,-84.6015,81,Partly Cloudy,3,5,False,False,False,False,False,0.0
2026-07-08T01:47:03Z,KY,KY00075IS0000100N75WELCOM,36.6162,-84.1054,78,Chance Showers And Thunderstorms,30,0,False,False,True,True,False,0.1
2026-07-08T02:03:27Z,IL,IL00064IW002500011,38.5491,-89.7633,78,Partly Cloudy,9,1,False,False,False,False,True,0.2
2026-07-08T02:03:27Z,IL,IL00055IN006400027,39.3465,-89.6408,75,Partly Cloudy,9,1,False,False,False,False,True,0.2
2026-07-08T02:03:27Z,IL,IL00057IN033300049,41.3892,-87.7729,73,Mostly Clear,0,5,False,False,False,False,True,0.2
2026-07-08T02:03:27Z,IL,IL00080IE005100040,41.3938,-89.5665,74,Clear,0,0,False,False,False,False,True,0.2
2026-07-08T02:03:27Z,IL,IL00074IW015600009,40.2711,-88.6701,76,Mostly Clear,0,3,False,False,False,False,True,0.2
2026-07-08T02:03:27Z,IL,IL00072IE015200041,39.9923,-88.7827,81,Mostly Clear,0,5,False,False,False,False,True,0.2
2026-07-08T02:03:27Z,IL,IL00057IS022200054,39.9314,-88.3043,81,Partly Cloudy,0,5,False,False,False,False,True,0.2
2026-07-08T02:03:27Z,IL,IL00070IE008600051,39.0651,-88.6745,78,Partly Cloudy,1,2,False,False,False,False,True,0.2
2026-07-08T02:03:27Z,IL,IL00024IW003700010,37.1593,-88.6798,77,Mostly Cloudy,11,0,False,False,False,False,True,0.2
2026-07-08T02:03:27Z,IL,IL00080IE011700043,41.4314,-88.3454,75,Mostly Clear,0,0,False,False,False,False,True,0.2
2026-07-08T02:03:27Z,IL,IL00080IW005100013,41.3937,-89.5591,73,Clear,0,0,False,False,False,False,True,0.2
2026-07-08T02:03:27Z,IL,IL00064IW013000053,38.2322,-87.9882,79,Mostly Cloudy,5,1,False,False,False,False,True,0.2
2026-07-08T02:03:27Z,IL,IL00074IE015600037,40.2732,-88.6762,76,Mostly Clear,0,3,False,False,False,False,True,0.2
2026-07-08T02:03:27Z,IL,IL00057IS011400023,38.5965,-88.9677,80,Slight Chance Showers And Thunderstorms,15,0,False,False,True,True,True,0.2
2026-07-08T02:03:27Z,IL,IL00055IN014900028,40.3599,-89.1099,76,Mostly Clear,0,3,False,False,False,False,True,0.2
2026-07-08T02:03:27Z,IL,IL00055IN002700029,38.8649,-89.8532,82,Partly Cloudy,11,3,False,False,False,False,True,0.2
2026-07-08T02:03:27Z,IL,IL00074IW002800020,41.2141,-90.3308,80,Clear,0,0,False,False,False,False,True,0.2
2026-07-08T02:03:27Z,IL,IL00057IN022200048,39.9218,-88.299,81,Partly Cloudy,0,5,False,False,False,False,True,0.2
2026-07-08T02:03:27Z,IL,IL00064IE008500039,38.273,-88.8496,79,Partly Cloudy,3,1,False,False,False,False,True,0.2
2026-07-08T02:03:27Z,IL,IL00074IW020800052,40.1298,-87.7441,81,Partly Cloudy,0,3,False,False,False,False,True,0.2
2026-07-08T02:03:27Z,IL,IL00070IW002700015,38.7884,-89.6889,77,Partly Cloudy,9,1,False,False,False,False,True,0.2
2026-07-08T02:03:27Z,IL,IL00055IS002700019,38.8723,-89.8511,82,Partly Cloudy,11,3,False,False,False,False,True,0.2
2026-07-08T02:03:27Z,IL,IL00057IN007900034,38.0297,-88.9203,78,Mostly Cloudy,6,2,False,False,False,False,True,0.2
2026-07-08T02:03:27Z,IL,IL00057IS033300046,41.3918,-87.7749,72,Mostly Clear,0,5,False,False,False,False,True,0.2
2026-07-08T02:03:27Z,IL,IL00064IE002500038,38.5481,-89.7731,81,Partly Cloudy,13,2,False,False,False,False,True,0.2
2026-07-08T02:03:27Z,IL,IL00057IN011400033,38.5963,-88.9638,80,Slight Chance Showers And Thunderstorms,15,0,False,False,True,True,True,0.2
2026-07-08T02:03:27Z,IL,IL00055IN010400050,39.8627,-89.5948,77,Mostly Clear,0,2,False,False,False,False,True,0.2
2026-07-08T02:03:27Z,IL,IL00039IN008500036,41.7236,-89.0062,74,Clear,0,0,False,False,False,False,True,0.2
2026-07-08T02:03:27Z,IL,IL00057IS007900047,38.0962,-88.9138,80,Mostly Cloudy,5,2,False,False,False,False,True,0.2
2026-07-08T02:03:27Z,IL,IL00074IE002800030,41.2334,-90.333,80,Clear,0,0,False,False,False,False,True,0.2
2026-07-08T02:03:27Z,IL,IL00064IW008500012,38.2766,-88.8012,78,Mostly Cloudy,4,1,False,False,False,False,True,0.2
2026-07-08T02:03:27Z,IL,IL00072IW015200014,39.9888,-88.7852,81,Mostly Clear,0,5,False,False,False,False,True,0.2
2026-07-08T02:03:27Z,IL,IL00055IS006400017,39.3523,-89.6447,75,Partly Cloudy,9,1,False,False,False,False,True,0.2
2026-07-08T02:03:27Z,IL,IL00055IN019400031,40.8234,-88.6875,80,Mostly Clear,0,0,False,False,False,False,True,0.2
2026-07-08T02:03:27Z,IL,IL00074IW006200004,40.8802,-90.0895,76,Clear,0,2,False,False,False,False,True,0.2
2026-07-08T02:03:27Z,IL,IL00055IS019400021,40.8371,-88.6833,80,Mostly Clear,0,0,False,False,False,False,True,0.2
2026-07-08T02:03:27Z,IL,IL00080IW011700016,41.4473,-88.3285,76,Mostly Clear,0,0,False,False,False,False,True,0.2
2026-07-08T02:03:27Z,IL,IL00039IS008500026,41.7285,-89.0105,74,Clear,0,0,False,False,False,False,True,0.2
2026-07-08T02:03:27Z,IL,IL00057IS026800022,40.5613,-88.0615,79,Mostly Clear,0,5,False,False,False,False,True,0.2
2026-07-08T02:03:27Z,IL,IL00070IE002700042,38.7849,-89.7023,78,Partly Cloudy,9,1,False,False,False,False,True,0.2
2026-07-08T02:03:27Z,IL,IL00057IN026800032,40.5505,-88.0605,79,Mostly Clear,0,5,False,False,False,False,True,0.2
2026-07-08T02:03:27Z,IL,IL00070IW008700045,39.0679,-88.6704,78,Partly Cloudy,1,2,False,False,False,False,True,0.2
2026-07-08T02:03:27Z,IL,IL00057IS016500018,39.1993,-88.502,81,Mostly Clear,1,5,False,False,False,False,True,0.2
2026-07-08T02:03:27Z,IL,IL00074IW011400006,40.6111,-89.2323,81,Mostly Clear,0,3,False,False,False,False,True,0.2
2026-07-08T02:03:27Z,IL,IL00074IE011400005,40.6125,-89.245,81,Mostly Clear,0,3,False,False,False,False,True,0.2
2026-07-08T02:03:27Z,IL,IL00074IE006200001,40.8788,-90.0936,76,Clear,0,2,False,False,False,False,True,0.2
2026-07-08T02:03:27Z,IL,IL00070IW014900008,39.4228,-87.6617,81,Mostly Clear,0,3,False,False,False,False,True,0.2
2026-07-08T02:03:27Z,IL,IL00057IN016500044,39.1898,-88.5031,77,Partly Cloudy,1,3,False,False,False,False,True,0.2
2026-07-08T02:03:27Z,IL,IL00055IS010400024,39.8871,-89.5966,78,Mostly Clear,0,2,False,False,False,False,True,0.2
2026-07-08T02:03:27Z,IL,IL00057IS003200025,37.4699,-89.1329,75,Mostly Cloudy,10,1,False,False,False,False,True,0.2
2026-07-08T02:03:27Z,IL,IL00057IN003200035,37.4661,-89.1324,75,Mostly Cloudy,10,1,False,False,False,False,True,0.2
2026-07-08T02:03:27Z,IN,322,38.195,-87.8597,80,Mostly Cloudy,5,1,False,False,False,False,True,0.2
2026-07-08T02:03:27Z,IN,317,38.5852,-85.7768,81,Mostly Cloudy,7,2,False,False,False,False,True,0.2
2026-07-08T02:03:27Z,IN,316,38.5859,-85.7809,81,Mostly Cloudy,7,2,False,False,False,False,True,0.2
2026-07-08T02:03:27Z,IN,315,39.2602,-85.9521,79,Mostly Cloudy,0,3,False,False,False,False,True,0.2
2026-07-08T02:03:27Z,IN,314,39.2767,-85.9569,75,Mostly Cloudy,0,2,False,False,False,False,True,0.2
2026-07-08T02:03:27Z,IN,313,40.1578,-86.5387,78,Mostly Clear,0,3,False,False,False,False,True,0.2
2026-07-08T02:03:27Z,IN,312,40.1722,-86.5522,79,Mostly Clear,0,3,False,False,False,False,True,0.2
2026-07-08T02:03:27Z,IN,311,40.6992,-87.0628,75,Mostly Clear,0,0,False,False,False,False,True,0.2
2026-07-08T02:03:27Z,IN,310,40.6984,-87.0646,75,Mostly Clear,0,0,False,False,False,False,True,0.2
2026-07-08T02:03:27Z,IN,308,41.1653,-87.271,76,Clear,0,5,False,False,False,False,True,0.2
2026-07-08T02:03:27Z,IN,309,41.1666,-87.2749,76,Clear,0,5,False,False,False,False,True,0.2
2026-07-08T02:03:27Z,IN,318,40.3543,-85.5576,73,Mostly Clear,0,3,False,False,False,False,True,0.2
2026-07-08T02:03:27Z,IN,319,40.3569,-85.56,73,Mostly Clear,0,3,False,False,False,False,True,0.2
2026-07-08T02:03:27Z,IN,320,41.2963,-85.0863,74,Mostly Clear,0,0,False,False,False,False,True,0.2
2026-07-08T02:03:27Z,IN,321,41.5803,-85.0597,72,Mostly Clear,0,0,False,False,False,False,True,0.2
2026-07-08T02:03:27Z,IN,300,39.4417,-87.5002,80,Mostly Clear,0,3,False,False,False,False,True,0.2
2026-07-08T02:03:27Z,IN,302,39.6517,-86.3967,75,Partly Cloudy,0,5,False,False,False,False,True,0.2
2026-07-08T02:03:27Z,IN,301,39.6541,-86.4005,75,Partly Cloudy,0,5,False,False,False,False,True,0.2
2026-07-08T02:03:27Z,IN,303,39.8243,-85.7039,77,Partly Cloudy,0,3,False,False,False,False,True,0.2
2026-07-08T02:03:27Z,IN,304,39.8266,-85.704,77,Partly Cloudy,0,3,False,False,False,False,True,0.2
2026-07-08T02:03:27Z,IN,305,39.8605,-85.0259,76,Mostly Cloudy,0,3,False,False,False,False,True,0.2
2026-07-08T02:03:27Z,KY,KY00065IS0000020N65WELCOM,36.6434,-86.5687,75,Chance Showers And Thunderstorms,25,0,False,False,True,True,False,0.1
2026-07-08T02:03:27Z,KY,KY00065IS000020NSMARATHON,36.6612,-86.5553,78,Chance Showers And Thunderstorms,30,1,False,False,True,True,False,0.1
2026-07-08T02:03:27Z,KY,KY00065IS0000340NWEIGHS34,36.6868,-86.5379,78,Chance Showers And Thunderstorms,30,1,False,False,True,True,False,0.1
2026-07-08T02:03:27Z,KY,KY00065IS0011400S65SRA114,37.9464,-85.6905,76,Mostly Cloudy,8,1,False,False,False,False,False,0.0
2026-07-08T02:03:27Z,KY,KY00065IS0005900S65SRA059,37.239,-85.9297,78,Slight Chance Showers And Thunderstorms,23,0,False,False,True,True,False,0.1
2026-07-08T02:03:27Z,KY,KY00065IS0005900N65NRA059,37.2384,-85.9271,78,Slight Chance Showers And Thunderstorms,23,0,False,False,True,True,False,0.1
2026-07-08T02:03:27Z,KY,KY00075IS0003300NWEIGHS33,37.0422,-84.0968,71,Cloudy,14,0,False,False,False,False,False,0.0
2026-07-08T02:03:27Z,KY,KY00075IS0003400SWEIGHS34,37.048,-84.0997,71,Cloudy,14,1,False,False,False,False,False,0.0
2026-07-08T02:03:27Z,KY,KY00075IS0017700N75NRA177,38.937,-84.6309,78,Mostly Cloudy,2,3,False,False,False,False,False,0.0
2026-07-08T02:03:27Z,KY,KY00075IS0007500SWALTONWS,38.8653,-84.6476,78,Mostly Cloudy,2,3,False,False,False,False,False,0.0
2026-07-08T02:03:27Z,KY,KY00075IS0017700S75SRA177,38.9388,-84.6339,78,Mostly Cloudy,2,3,False,False,False,False,False,0.0
2026-07-08T02:03:27Z,KY,KY00075IS0016800SCRITENWS,38.8196,-84.6015,78,Mostly Cloudy,2,3,False,False,False,False,False,0.0
2026-07-08T02:03:27Z,KY,KY00075IS0000100N75WELCOM,36.6162,-84.1054,75,Slight Chance Showers And Thunderstorms,23,0,False,False,True,True,False,0.1
